FECHA,ACCIDENTES,GRAVEDAD_ACCIDENTE,CLASE_ACCIDENTE,PRECIPITACION_MM,LLUVIA,COMPARENDOS,COD_INFRACCION,TIPO_INFRACCION,CLASE_VEHICULO_INFRACTOR,SERVICIO_VEHICULO_INFRACTOR
2019-03-20,15.0,Solo daños,Choque,0.0,No,309.0,C02,TRÁNSITO,AUTOMOVIL,PARTICULAR
2019-03-21,24.0,Solo daños,Choque,0.0,No,332.0,C02,TRÁNSITO,AUTOMOVIL,PARTICULAR
2019-03-22,11.0,Solo daños,Choque,0.0,No,319.0,C02,TRÁNSITO,AUTOMOVIL,PARTICULAR
2019-03-23,13.0,Solo daños,Choque,0.0,No,345.0,C02,TRÁNSITO,AUTOMOVIL,PARTICULAR
2019-03-24,6.0,Solo daños,Choque,0.0,No,279.0,C29,TRÁNSITO,AUTOMOVIL,PARTICULAR
2019-03-25,7.0,Solo daños,Choque,0.0,No,264.0,C29,TRÁNSITO,AUTOMOVIL,PARTICULAR
2019-03-26,19.0,Solo daños,Choque,0.0,No,314.0,C02,TRÁNSITO,AUTOMOVIL,PARTICULAR
2019-03-27,11.0,Solo daños,Choque,0.0,No,315.0,C02,TRÁNSITO,AUTOMOVIL,PARTICULAR
2019-03-28,17.0,Solo daños,Choque,0.0,No,313.0,C02,TRÁNSITO,AUTOMOVIL,PARTICULAR
2019-03-29,9.0,Solo daños,Choque,0.0,No,300.0,C02,TRÁNSITO,AUTOMOVIL,PARTICULAR
2019-03-30,20.0,Solo daños,Choque,0.0,No,295.0,C02,TRÁNSITO,AUTOMOVIL,PARTICULAR
2019-03-31,5.0,Con heridos,Choque,0.0,No,234.0,C29,TRÁNSITO,AUTOMOVIL,PARTICULAR
2019-04-01,21.0,Solo daños,Choque,0.0,No,289.0,C02,TRÁNSITO,AUTOMOVIL,PARTICULAR
2019-04-02,13.0,Solo daños,Choque,0.0,No,295.0,C29,TRÁNSITO,AUTOMOVIL,PARTICULAR
2019-04-03,20.0,Solo daños,Choque,0.0,No,300.0,C02,TRÁNSITO,AUTOMOVIL,PARTICULAR
2019-04-04,18.0,Solo daños,Choque,0.0,No,343.0,C02,TRÁNSITO,AUTOMOVIL,PARTICULAR
2019-04-05,18.0,Solo daños,Choque,0.0,No,318.0,C02,TRÁNSITO,AUTOMOVIL,PARTICULAR
2019-04-06,15.0,Solo daños,Choque,0.0,No,309.0,C02,TRÁNSITO,AUTOMOVIL,PARTICULAR
2019-04-07,11.0,Solo daños,Choque,0.0,No,241.0,C29,TRÁNSITO,AUTOMOVIL,PARTICULAR
2019-04-08,18.0,Solo daños,Choque,0.0,No,335.0,C02,TRÁNSITO,AUTOMOVIL,PARTICULAR
2019-04-09,18.0,Solo daños,Choque,0.0,No,290.0,C02,TRÁNSITO,AUTOMOVIL,PARTICULAR
2019-04-10,19.0,Solo daños,Choque,0.0,No,263.0,C02,TRÁNSITO,AUTOMOVIL,PARTICULAR
2019-04-11,22.0,Solo daños,Choque,0.0,No,356.0,C02,TRÁNSITO,AUTOMOVIL,PARTICULAR
2019-04-12,11.0,Solo daños,Choque,0.0,No,321.0,C02,TRÁNSITO,AUTOMOVIL,PARTICULAR
2019-04-13,18.0,Solo daños,Choque,0.0,No,354.0,C02,TRÁNSITO,AUTOMOVIL,PARTICULAR
2019-04-14,15.0,Con heridos,Choque,0.0,No,259.0,C29,TRÁNSITO,AUTOMOVIL,PARTICULAR
2019-04-15,18.0,Solo daños,Choque,0.0,No,289.0,C02,TRÁNSITO,AUTOMOVIL,PARTICULAR
2019-04-16,18.0,Solo daños,Choque,0.0,No,287.0,C02,TRÁNSITO,AUTOMOVIL,PARTICULAR
2019-04-17,12.0,Solo daños,Choque,0.0,No,337.0,C02,TRÁNSITO,AUTOMOVIL,PARTICULAR
2019-04-18,6.0,Solo daños,Choque,0.0,No,333.0,C29,TRÁNSITO,AUTOMOVIL,PARTICULAR
2019-04-19,10.0,Solo daños,Choque,0.0,No,422.0,C29,TRÁNSITO,AUTOMOVIL,PARTICULAR
2019-04-20,6.0,Solo daños,Choque,0.0,No,272.0,C29,TRÁNSITO,AUTOMOVIL,PARTICULAR
2019-04-21,16.0,Solo daños,Choque,0.0,No,306.0,C29,TRÁNSITO,AUTOMOVIL,PARTICULAR
2019-04-22,13.0,Solo daños,Choque,0.0,No,344.0,C02,TRÁNSITO,AUTOMOVIL,PARTICULAR
2019-04-23,19.0,Solo daños,Choque,0.0,No,315.0,C02,TRÁNSITO,AUTOMOVIL,PARTICULAR
2019-04-24,13.0,Con heridos,Choque,0.0,No,315.0,C02,TRÁNSITO,AUTOMOVIL,PARTICULAR
2019-04-25,13.0,Solo daños,Choque,0.0,No,368.0,C02,TRÁNSITO,AUTOMOVIL,PARTICULAR
2019-04-26,16.0,Solo daños,Choque,0.0,No,293.0,C02,TRÁNSITO,AUTOMOVIL,PARTICULAR
2019-04-27,15.0,Solo daños,Choque,0.0,No,369.0,C02,TRÁNSITO,AUTOMOVIL,PARTICULAR
2019-04-28,14.0,Solo daños,Choque,0.0,No,259.0,C29,TRÁNSITO,AUTOMOVIL,PARTICULAR
2019-04-29,15.0,Solo daños,Choque,0.0,No,344.0,C02,TRÁNSITO,AUTOMOVIL,PARTICULAR
2019-04-30,23.0,Solo daños,Choque,0.0,No,249.0,C02,TRÁNSITO,AUTOMOVIL,PARTICULAR
2019-05-01,16.0,Solo daños,Choque,0.0,No,274.0,C29,TRÁNSITO,AUTOMOVIL,PARTICULAR
2019-05-02,9.0,Solo daños,Choque,0.0,No,296.0,C02,TRÁNSITO,AUTOMOVIL,PARTICULAR
2019-05-03,14.0,Solo daños,Choque,0.0,No,298.0,C02,TRÁNSITO,AUTOMOVIL,PARTICULAR
2019-05-04,12.0,Solo daños,Choque,0.0,No,362.0,C02,TRÁNSITO,AUTOMOVIL,PARTICULAR
2019-05-05,11.0,Solo daños,Choque,0.0,No,225.0,C29,TRÁNSITO,AUTOMOVIL,PARTICULAR
2019-05-06,20.0,Solo daños,Choque,0.0,No,323.0,C02,TRÁNSITO,AUTOMOVIL,PARTICULAR
2019-05-07,17.0,Con heridos,Choque,0.0,No,390.0,C02,TRÁNSITO,AUTOMOVIL,PARTICULAR
2019-05-08,9.0,Solo daños,Choque,0.0,No,177.0,C29,TRÁNSITO,AUTOMOVIL,PARTICULAR
2019-05-09,11.0,Solo daños,Choque,0.2,Sí,387.0,C02,TRÁNSITO,AUTOMOVIL,PARTICULAR
2019-05-10,19.0,Solo daños,Choque,0.0,No,409.0,C02,TRÁNSITO,AUTOMOVIL,PARTICULAR
2019-05-11,18.0,Solo daños,Choque,0.0,No,333.0,C02,TRÁNSITO,AUTOMOVIL,PARTICULAR
2019-05-12,7.0,Solo daños,Choque,0.4,Sí,241.0,C29,TRÁNSITO,AUTOMOVIL,PARTICULAR
2019-05-13,14.0,Solo daños,Choque,0.0,No,266.0,C02,TRÁNSITO,AUTOMOVIL,PARTICULAR
2019-05-14,15.0,Solo daños,Choque,0.0,No,339.0,C02,TRÁNSITO,AUTOMOVIL,PARTICULAR
2019-05-15,22.0,Solo daños,Choque,0.5,Sí,399.0,C02,TRÁNSITO,AUTOMOVIL,PARTICULAR
2019-05-16,14.0,Solo daños,Choque,0.1,Sí,272.0,C02,TRÁNSITO,AUTOMOVIL,PARTICULAR
2019-05-17,16.0,Solo daños,Choque,0.0,No,410.0,C02,TRÁNSITO,AUTOMOVIL,PARTICULAR
2019-05-18,14.0,Solo daños,Choque,0.1,Sí,386.0,C02,TRÁNSITO,AUTOMOVIL,PARTICULAR
2019-05-19,7.0,Solo daños,Choque,0.0,No,238.0,C29,TRÁNSITO,AUTOMOVIL,PARTICULAR
2019-05-20,18.0,Solo daños,Choque,0.4,Sí,365.0,C02,TRÁNSITO,AUTOMOVIL,PARTICULAR
2019-05-21,13.0,Solo daños,Choque,0.1,Sí,335.0,C02,TRÁNSITO,AUTOMOVIL,PARTICULAR
2019-05-22,31.0,Con heridos,Choque,0.0,No,339.0,C02,TRÁNSITO,AUTOMOVIL,PARTICULAR
2019-05-23,18.0,Solo daños,Choque,0.0,No,302.0,C02,TRÁNSITO,AUTOMOVIL,PARTICULAR
2019-05-24,21.0,Solo daños,Choque,0.1,Sí,265.0,C02,TRÁNSITO,AUTOMOVIL,PARTICULAR
2019-05-25,14.0,Solo daños,Choque,0.1,Sí,320.0,C02,TRÁNSITO,AUTOMOVIL,PARTICULAR
2019-05-26,15.0,Solo daños,Choque,0.0,No,175.0,C29,TRÁNSITO,AUTOMOVIL,PARTICULAR
2019-05-27,15.0,Con heridos,Choque,0.1,Sí,275.0,C02,TRÁNSITO,AUTOMOVIL,PARTICULAR
2019-05-28,18.0,Solo daños,Choque,0.0,No,325.0,C02,TRÁNSITO,AUTOMOVIL,PARTICULAR
2019-05-29,17.0,Solo daños,Choque,0.1,Sí,356.0,C02,TRÁNSITO,AUTOMOVIL,PARTICULAR
2019-05-30,17.0,Solo daños,Choque,0.2,Sí,410.0,C02,TRÁNSITO,AUTOMOVIL,PARTICULAR
2019-05-31,23.0,Solo daños,Choque,0.1,Sí,351.0,C02,TRÁNSITO,AUTOMOVIL,PARTICULAR
2019-06-01,12.0,Con heridos,Choque,0.1,Sí,317.0,C02,TRÁNSITO,AUTOMOVIL,PARTICULAR
2019-06-02,8.0,Solo daños,Choque,0.0,No,284.0,C29,TRÁNSITO,AUTOMOVIL,PARTICULAR
2019-06-03,8.0,Con heridos,Choque,0.0,No,293.0,C29,TRÁNSITO,AUTOMOVIL,PARTICULAR
2019-06-04,17.0,Solo daños,Choque,0.0,No,332.0,C02,TRÁNSITO,AUTOMOVIL,PARTICULAR
2019-06-05,17.0,Solo daños,Choque,0.1,Sí,322.0,C02,TRÁNSITO,AUTOMOVIL,PARTICULAR
2019-06-06,20.0,Solo daños,Choque,0.0,No,383.0,C02,TRÁNSITO,AUTOMOVIL,PARTICULAR
2019-06-07,16.0,Solo daños,Choque,14.0,Sí,397.0,C02,TRÁNSITO,AUTOMOVIL,PARTICULAR
2019-06-08,15.0,Solo daños,Choque,0.0,No,367.0,C02,TRÁNSITO,AUTOMOVIL,PARTICULAR
2019-06-09,10.0,Solo daños,Choque,0.0,No,194.0,C29,TRÁNSITO,AUTOMOVIL,PARTICULAR
2019-06-10,12.0,Solo daños,Choque,0.2,Sí,328.0,C02,TRÁNSITO,AUTOMOVIL,PARTICULAR
2019-06-11,13.0,Solo daños,Choque,0.8999999999999999,Sí,372.0,C02,TRÁNSITO,AUTOMOVIL,PARTICULAR
2019-06-12,15.0,Solo daños,Choque,0.1,Sí,362.0,C02,TRÁNSITO,AUTOMOVIL,PARTICULAR
2019-06-13,20.0,Solo daños,Choque,0.0,No,379.0,C02,TRÁNSITO,AUTOMOVIL,PARTICULAR
2019-06-14,17.0,Solo daños,Choque,0.0,No,385.0,C02,TRÁNSITO,AUTOMOVIL,PARTICULAR
2019-06-15,20.0,Solo daños,Choque,0.0,No,354.0,C02,TRÁNSITO,AUTOMOVIL,PARTICULAR
2019-06-16,10.0,Solo daños,Choque,0.0,No,221.0,C29,TRÁNSITO,AUTOMOVIL,PARTICULAR
2019-06-17,12.0,Solo daños,Choque,0.0,No,298.0,C02,TRÁNSITO,AUTOMOVIL,PARTICULAR
2019-06-18,25.0,Solo daños,Choque,0.0,No,278.0,C02,TRÁNSITO,AUTOMOVIL,PARTICULAR
2019-06-19,15.0,Solo daños,Choque,0.0,No,297.0,C02,TRÁNSITO,AUTOMOVIL,PARTICULAR
2019-06-20,16.0,Solo daños,Choque,0.0,No,292.0,C02,TRÁNSITO,AUTOMOVIL,PARTICULAR
2019-06-21,12.0,Solo daños,Choque,0.0,No,337.0,C02,TRÁNSITO,AUTOMOVIL,PARTICULAR
2019-06-22,8.0,Solo daños,Choque,0.0,No,335.0,C02,TRÁNSITO,AUTOMOVIL,PARTICULAR
2019-06-23,18.0,Solo daños,Choque,0.0,No,302.0,C29,TRÁNSITO,AUTOMOVIL,PARTICULAR
2019-06-24,3.0,Solo daños,Choque,0.1,Sí,181.0,C29,TRÁNSITO,AUTOMOVIL,PARTICULAR
2019-06-25,25.0,Solo daños,Choque,3.5,Sí,366.0,C02,TRÁNSITO,AUTOMOVIL,PARTICULAR
2019-06-26,14.0,Solo daños,Choque,0.0,No,321.0,C02,TRÁNSITO,AUTOMOVIL,PARTICULAR
2019-06-27,19.0,Solo daños,Choque,0.0,No,361.0,C02,TRÁNSITO,AUTOMOVIL,PARTICULAR
2019-06-28,20.0,Solo daños,Choque,0.0,No,253.0,C02,TRÁNSITO,AUTOMOVIL,PARTICULAR
2019-06-29,17.0,Solo daños,Choque,0.0,No,315.0,C02,TRÁNSITO,AUTOMOVIL,PARTICULAR
2019-06-30,5.0,Solo daños,Choque,0.0,No,294.0,C29,TRÁNSITO,AUTOMOVIL,PARTICULAR
2019-07-01,8.0,Con heridos,Choque,0.0,No,280.0,C29,TRÁNSITO,AUTOMOVIL,PARTICULAR
2019-07-02,20.0,Solo daños,Choque,0.0,No,278.0,C02,TRÁNSITO,AUTOMOVIL,PARTICULAR
2019-07-03,17.0,Solo daños,Choque,0.0,No,274.0,C02,TRÁNSITO,AUTOMOVIL,PARTICULAR
2019-07-04,11.0,Solo daños,Choque,0.0,No,303.0,C02,TRÁNSITO,AUTOMOVIL,PARTICULAR
2019-07-05,16.0,Solo daños,Choque,0.0,No,300.0,C02,TRÁNSITO,AUTOMOVIL,PARTICULAR
2019-07-06,15.0,Solo daños,Choque,0.0,No,404.0,C02,TRÁNSITO,AUTOMOVIL,PARTICULAR
2019-07-07,4.0,Solo daños,Choque,0.0,No,320.0,C29,TRÁNSITO,AUTOMOVIL,PARTICULAR
2019-07-08,15.0,Solo daños,Choque,0.30000000000000004,Sí,298.0,C02,TRÁNSITO,AUTOMOVIL,PARTICULAR
2019-07-09,16.0,Solo daños,Choque,0.0,No,316.0,C02,TRÁNSITO,AUTOMOVIL,PARTICULAR
2019-07-10,12.0,Solo daños,Choque,0.0,No,321.0,C02,TRÁNSITO,AUTOMOVIL,PARTICULAR
2019-07-11,13.0,Solo daños,Choque,0.0,No,336.0,C02,TRÁNSITO,AUTOMOVIL,PARTICULAR
2019-07-12,16.0,Solo daños,Choque,0.0,No,318.0,C02,TRÁNSITO,AUTOMOVIL,PARTICULAR
2019-07-13,16.0,Con heridos,Choque,0.0,No,351.0,C02,TRÁNSITO,AUTOMOVIL,PARTICULAR
2019-07-14,11.0,Solo daños,Choque,0.1,Sí,227.0,C29,TRÁNSITO,AUTOMOVIL,PARTICULAR
2019-07-15,13.0,Solo daños,Choque,0.0,No,355.0,C02,TRÁNSITO,AUTOMOVIL,PARTICULAR
2019-07-16,15.0,Solo daños,Choque,0.0,No,396.0,C02,TRÁNSITO,AUTOMOVIL,PARTICULAR
2019-07-17,8.0,Solo daños,Choque,0.0,No,267.0,C02,TRÁNSITO,AUTOMOVIL,PARTICULAR
2019-07-18,21.0,Con heridos,Choque,0.0,No,314.0,C02,TRÁNSITO,AUTOMOVIL,PARTICULAR
2019-07-19,16.0,Solo daños,Choque,0.0,No,352.0,C02,TRÁNSITO,AUTOMOVIL,PARTICULAR
2019-07-20,11.0,Solo daños,Choque,0.0,No,250.0,C29,TRÁNSITO,AUTOMOVIL,PARTICULAR
2019-07-21,8.0,Solo daños,Choque,0.0,No,286.0,C29,TRÁNSITO,AUTOMOVIL,PARTICULAR
2019-07-22,17.0,Con heridos,Choque,0.0,No,272.0,C02,TRÁNSITO,AUTOMOVIL,PARTICULAR
2019-07-23,13.0,Solo daños,Choque,0.0,No,248.0,C02,TRÁNSITO,AUTOMOVIL,PARTICULAR
2019-07-24,15.0,Solo daños,Choque,0.0,No,279.0,C02,TRÁNSITO,AUTOMOVIL,PARTICULAR
2019-07-25,24.0,Solo daños,Choque,0.0,No,269.0,C02,TRÁNSITO,AUTOMOVIL,PARTICULAR
2019-07-26,26.0,Solo daños,Choque,0.0,No,299.0,C02,TRÁNSITO,AUTOMOVIL,PARTICULAR
2019-07-27,13.0,Solo daños,Choque,0.0,No,363.0,C02,TRÁNSITO,AUTOMOVIL,PARTICULAR
2019-07-28,10.0,Con heridos,Choque,0.0,No,304.0,C29,TRÁNSITO,AUTOMOVIL,PARTICULAR
2019-07-29,22.0,Solo daños,Choque,0.0,No,287.0,C02,TRÁNSITO,AUTOMOVIL,PARTICULAR
2019-07-30,13.0,Solo daños,Choque,0.0,No,280.0,C02,TRÁNSITO,AUTOMOVIL,PARTICULAR
2019-07-31,14.0,Solo daños,Choque,0.0,No,174.0,C29,TRÁNSITO,AUTOMOVIL,PARTICULAR
2019-08-01,11.0,Solo daños,Choque,0.0,No,296.0,C02,TRÁNSITO,AUTOMOVIL,PARTICULAR
2019-08-02,10.0,Solo daños,Choque,0.0,No,288.0,C02,TRÁNSITO,AUTOMOVIL,PARTICULAR
2019-08-03,19.0,Solo daños,Choque,0.0,No,316.0,C02,TRÁNSITO,AUTOMOVIL,PARTICULAR
2019-08-04,11.0,Solo daños,Choque,0.0,No,340.0,C29,TRÁNSITO,AUTOMOVIL,PARTICULAR
2019-08-05,17.0,Solo daños,Choque,0.0,No,298.0,C02,TRÁNSITO,AUTOMOVIL,PARTICULAR
2019-08-06,16.0,Solo daños,Choque,0.2,Sí,255.0,C02,TRÁNSITO,AUTOMOVIL,PARTICULAR
2019-08-07,4.0,Solo daños,Choque,0.0,No,320.0,C29,TRÁNSITO,AUTOMOVIL,PARTICULAR
2019-08-08,17.0,Solo daños,Choque,0.0,No,286.0,C02,TRÁNSITO,AUTOMOVIL,PARTICULAR
2019-08-09,20.0,Solo daños,Choque,0.0,No,297.0,C02,TRÁNSITO,AUTOMOVIL,PARTICULAR
2019-08-10,16.0,Solo daños,Choque,0.0,No,347.0,C02,TRÁNSITO,AUTOMOVIL,PARTICULAR
2019-08-11,6.0,Solo daños,Choque,0.0,No,292.0,C29,TRÁNSITO,AUTOMOVIL,PARTICULAR
2019-08-12,27.0,Solo daños,Choque,0.0,No,267.0,C02,TRÁNSITO,AUTOMOVIL,PARTICULAR
2019-08-13,22.0,Solo daños,Choque,0.0,No,263.0,C02,TRÁNSITO,AUTOMOVIL,PARTICULAR
2019-08-14,25.0,Solo daños,Choque,0.0,No,231.0,C02,TRÁNSITO,AUTOMOVIL,PARTICULAR
2019-08-15,21.0,Solo daños,Choque,1.3,Sí,205.0,C02,TRÁNSITO,AUTOMOVIL,PARTICULAR
2019-08-16,20.0,Solo daños,Choque,0.2,Sí,243.0,C02,TRÁNSITO,AUTOMOVIL,PARTICULAR
2019-08-17,14.0,Solo daños,Choque,2.5000000000000004,Sí,258.0,C02,TRÁNSITO,AUTOMOVIL,PARTICULAR
2019-08-18,9.0,Solo daños,Choque,0.0,No,228.0,C29,TRÁNSITO,AUTOMOVIL,PARTICULAR
2019-08-19,12.0,Solo daños,Choque,0.0,No,272.0,C29,TRÁNSITO,AUTOMOVIL,PARTICULAR
2019-08-20,11.0,Solo daños,Choque,0.0,No,278.0,C02,TRÁNSITO,AUTOMOVIL,PARTICULAR
2019-08-21,16.0,Solo daños,Choque,0.0,No,269.0,C02,TRÁNSITO,AUTOMOVIL,PARTICULAR
2019-08-22,13.0,Solo daños,Choque,0.0,No,286.0,C02,TRÁNSITO,AUTOMOVIL,PARTICULAR
2019-08-23,16.0,Solo daños,Choque,0.0,No,291.0,C02,TRÁNSITO,AUTOMOVIL,PARTICULAR
2019-08-24,14.0,Solo daños,Choque,0.0,No,314.0,C02,TRÁNSITO,AUTOMOVIL,PARTICULAR
2019-08-25,9.0,Con heridos,Choque,0.0,No,262.0,C29,TRÁNSITO,AUTOMOVIL,PARTICULAR
2019-08-26,22.0,Solo daños,Choque,0.0,No,275.0,C02,TRÁNSITO,AUTOMOVIL,PARTICULAR
2019-08-27,24.0,Solo daños,Choque,0.0,No,241.0,C02,TRÁNSITO,AUTOMOVIL,PARTICULAR
2019-08-28,17.0,Solo daños,Choque,,,290.0,C02,TRÁNSITO,AUTOMOVIL,PARTICULAR
2019-08-29,14.0,Solo daños,Choque,,,282.0,C02,TRÁNSITO,AUTOMOVIL,PARTICULAR
2019-08-30,24.0,Solo daños,Choque,,,279.0,C29,TRÁNSITO,AUTOMOVIL,PARTICULAR
2019-08-31,20.0,Con heridos,Choque,,,227.0,C02,TRÁNSITO,AUTOMOVIL,PARTICULAR
2019-09-01,8.0,Con heridos,Choque,,,188.0,C29,TRÁNSITO,AUTOMOVIL,PARTICULAR
2019-09-02,19.0,Solo daños,Choque,,,218.0,C02,TRÁNSITO,AUTOMOVIL,PARTICULAR
2019-09-03,24.0,Solo daños,Choque,,,285.0,C02,TRÁNSITO,AUTOMOVIL,PARTICULAR
2019-09-04,19.0,Solo daños,Choque,,,250.0,C02,TRÁNSITO,AUTOMOVIL,PARTICULAR
2019-09-05,13.0,Solo daños,Choque,,,248.0,C02,TRÁNSITO,AUTOMOVIL,PARTICULAR
2019-09-06,24.0,Solo daños,Choque,,,267.0,C02,TRÁNSITO,AUTOMOVIL,PARTICULAR
2019-09-07,20.0,Solo daños,Choque,,,278.0,C02,TRÁNSITO,AUTOMOVIL,PARTICULAR
2019-09-08,13.0,Solo daños,Choque,,,220.0,C29,TRÁNSITO,AUTOMOVIL,PARTICULAR
2019-09-09,21.0,Solo daños,Choque,,,246.0,C02,TRÁNSITO,AUTOMOVIL,PARTICULAR
2019-09-10,25.0,Solo daños,Choque,,,201.0,C02,TRÁNSITO,AUTOMOVIL,PARTICULAR
2019-09-11,17.0,Solo daños,Choque,,,234.0,C02,TRÁNSITO,AUTOMOVIL,PARTICULAR
2019-09-12,7.0,Solo daños,Choque,,,262.0,C02,TRÁNSITO,AUTOMOVIL,PARTICULAR
2019-09-13,15.0,Solo daños,Choque,,,225.0,C02,TRÁNSITO,AUTOMOVIL,PARTICULAR
2019-09-14,25.0,Solo daños,Choque,,,231.0,C02,TRÁNSITO,AUTOMOVIL,PARTICULAR
2019-09-15,7.0,Con heridos,Choque,,,230.0,C29,TRÁNSITO,AUTOMOVIL,PARTICULAR
2019-09-16,24.0,Solo daños,Choque,,,285.0,C02,TRÁNSITO,AUTOMOVIL,PARTICULAR
2019-09-17,14.0,Solo daños,Choque,,,224.0,C02,TRÁNSITO,AUTOMOVIL,PARTICULAR
2019-09-18,18.0,Solo daños,Choque,,,237.0,C02,TRÁNSITO,AUTOMOVIL,PARTICULAR
2019-09-19,12.0,Solo daños,Choque,,,212.0,C02,TRÁNSITO,AUTOMOVIL,PARTICULAR
2019-09-20,13.0,Solo daños,Choque,,,251.0,C02,TRÁNSITO,AUTOMOVIL,PARTICULAR
2019-09-21,17.0,Solo daños,Choque,,,194.0,C02,TRÁNSITO,AUTOMOVIL,PARTICULAR
2019-09-22,14.0,Solo daños,Choque,,,228.0,C29,TRÁNSITO,AUTOMOVIL,PARTICULAR
2019-09-23,24.0,Solo daños,Choque,,,206.0,C02,TRÁNSITO,AUTOMOVIL,PARTICULAR
2019-09-24,20.0,Con heridos,Choque,,,184.0,C29,TRÁNSITO,AUTOMOVIL,PARTICULAR
2019-09-25,13.0,Solo daños,Choque,,,223.0,C02,TRÁNSITO,AUTOMOVIL,PARTICULAR
2019-09-26,9.0,Solo daños,Choque,,,233.0,C02,TRÁNSITO,AUTOMOVIL,PARTICULAR
2019-09-27,20.0,Solo daños,Choque,,,211.0,C02,TRÁNSITO,AUTOMOVIL,PARTICULAR
2019-09-28,19.0,Solo daños,Choque,,,190.0,C29,TRÁNSITO,AUTOMOVIL,PARTICULAR
2019-09-29,7.0,Solo daños,Choque,,,230.0,C29,TRÁNSITO,AUTOMOVIL,PARTICULAR
2019-09-30,17.0,Solo daños,Choque,,,248.0,C02,TRÁNSITO,AUTOMOVIL,PARTICULAR
2019-10-01,16.0,Solo daños,Choque,,,275.0,C02,TRÁNSITO,AUTOMOVIL,PARTICULAR
2019-10-02,21.0,Solo daños,Choque,,,239.0,C02,TRÁNSITO,AUTOMOVIL,PARTICULAR
2019-10-03,17.0,Solo daños,Choque,,,213.0,C02,TRÁNSITO,AUTOMOVIL,PARTICULAR
2019-10-04,20.0,Solo daños,Choque,,,272.0,C02,TRÁNSITO,AUTOMOVIL,PARTICULAR
2019-10-05,30.0,Solo daños,Choque,,,267.0,C02,TRÁNSITO,AUTOMOVIL,PARTICULAR
2019-10-06,11.0,Solo daños,Choque,,,188.0,C29,TRÁNSITO,AUTOMOVIL,PARTICULAR
2019-10-07,12.0,Solo daños,Choque,,,237.0,C02,TRÁNSITO,AUTOMOVIL,PARTICULAR
2019-10-08,21.0,Solo daños,Choque,,,180.0,C02,TRÁNSITO,AUTOMOVIL,PARTICULAR
2019-10-09,14.0,Solo daños,Choque,,,224.0,C02,TRÁNSITO,AUTOMOVIL,PARTICULAR
2019-10-10,15.0,Solo daños,Choque,,,247.0,C02,TRÁNSITO,AUTOMOVIL,PARTICULAR
2019-10-11,16.0,Solo daños,Choque,,,218.0,C02,TRÁNSITO,AUTOMOVIL,PARTICULAR
2019-10-12,18.0,Solo daños,Choque,,,283.0,C02,TRÁNSITO,AUTOMOVIL,PARTICULAR
2019-10-13,9.0,Solo daños,Choque,,,277.0,C29,TRÁNSITO,AUTOMOVIL,PARTICULAR
2019-10-14,12.0,Solo daños,Choque,,,246.0,C29,TRÁNSITO,AUTOMOVIL,PARTICULAR
2019-10-15,17.0,Solo daños,Choque,,,266.0,C02,TRÁNSITO,AUTOMOVIL,PARTICULAR
2019-10-16,17.0,Solo daños,Choque,,,254.0,C02,TRÁNSITO,AUTOMOVIL,PARTICULAR
2019-10-17,12.0,Solo daños,Choque,,,236.0,C02,TRÁNSITO,AUTOMOVIL,PARTICULAR
2019-10-18,22.0,Solo daños,Choque,,,206.0,C29,TRÁNSITO,AUTOMOVIL,PARTICULAR
2019-10-19,12.0,Solo daños,Choque,,,220.0,C02,TRÁNSITO,AUTOMOVIL,PARTICULAR
2019-10-20,10.0,Solo daños,Choque,,,203.0,C29,TRÁNSITO,AUTOMOVIL,PARTICULAR
2019-10-21,19.0,Solo daños,Choque,,,227.0,C02,TRÁNSITO,AUTOMOVIL,PARTICULAR
2019-10-22,16.0,Solo daños,Choque,,,182.0,C02,TRÁNSITO,AUTOMOVIL,PARTICULAR
2019-10-23,8.0,Con heridos,Choque,,,219.0,C02,TRÁNSITO,AUTOMOVIL,PARTICULAR
2019-10-24,14.0,Solo daños,Choque,,,197.0,C02,TRÁNSITO,AUTOMOVIL,PARTICULAR
2019-10-25,16.0,Solo daños,Choque,,,224.0,C02,TRÁNSITO,AUTOMOVIL,PARTICULAR
2019-10-26,15.0,Con heridos,Choque,,,218.0,C02,TRÁNSITO,AUTOMOVIL,PARTICULAR
2019-10-27,9.0,Solo daños,Choque,,,200.0,C29,TRÁNSITO,AUTOMOVIL,PARTICULAR
2019-10-28,7.0,Solo daños,Choque,,,246.0,C02,TRÁNSITO,AUTOMOVIL,PARTICULAR
2019-10-29,18.0,Solo daños,Choque,,,224.0,C02,TRÁNSITO,AUTOMOVIL,PARTICULAR
2019-10-30,14.0,Solo daños,Choque,,,217.0,C02,TRÁNSITO,AUTOMOVIL,PARTICULAR
2019-10-31,21.0,Solo daños,Choque,,,218.0,C02,TRÁNSITO,AUTOMOVIL,PARTICULAR