FECHA,ACCIDENTES,GRAVEDAD_ACCIDENTE,CLASE_ACCIDENTE,PRECIPITACION_MM,LLUVIA,COMPARENDOS,COD_INFRACCION,TIPO_INFRACCION,CLASE_VEHICULO_INFRACTOR,SERVICIO_VEHICULO_INFRACTOR
2019-11-01,28.0,Solo daños,Choque,,,196.0,C02,TRÁNSITO,AUTOMOVIL,PARTICULAR
2019-11-02,8.0,Solo daños,Choque,,,264.0,C02,TRÁNSITO,AUTOMOVIL,PARTICULAR
2019-11-03,10.0,Solo daños,Choque,,,199.0,C29,TRÁNSITO,AUTOMOVIL,PARTICULAR
2019-11-04,14.0,Solo daños,Choque,,,170.0,C29,TRÁNSITO,AUTOMOVIL,PARTICULAR
2019-11-05,18.0,Solo daños,Choque,,,223.0,C02,TRÁNSITO,AUTOMOVIL,PARTICULAR
2019-11-06,13.0,Solo daños,Choque,,,224.0,C02,TRÁNSITO,AUTOMOVIL,PARTICULAR
2019-11-07,18.0,Solo daños,Choque,,,222.0,C02,TRÁNSITO,AUTOMOVIL,PARTICULAR
2019-11-08,18.0,Solo daños,Choque,,,220.0,C02,TRÁNSITO,AUTOMOVIL,PARTICULAR
2019-11-09,13.0,Solo daños,Choque,,,215.0,C02,TRÁNSITO,AUTOMOVIL,PARTICULAR
2019-11-10,8.0,Con heridos,Choque,,,213.0,C29,TRÁNSITO,AUTOMOVIL,PARTICULAR
2019-11-11,4.0,Solo daños,Choque,,,212.0,C29,TRÁNSITO,AUTOMOVIL,PARTICULAR
2019-11-12,15.0,Solo daños,Choque,,,248.0,C02,TRÁNSITO,AUTOMOVIL,PARTICULAR
2019-11-13,21.0,Solo daños,Choque,,,213.0,C02,TRÁNSITO,AUTOMOVIL,PARTICULAR
2019-11-14,16.0,Solo daños,Choque,,,229.0,C02,TRÁNSITO,AUTOMOVIL,PARTICULAR
2019-11-15,19.0,Solo daños,Choque,,,258.0,C02,TRÁNSITO,AUTOMOVIL,PARTICULAR
2019-11-16,15.0,Solo daños,Choque,,,230.0,C02,TRÁNSITO,AUTOMOVIL,PARTICULAR
2019-11-17,8.0,Solo daños,Choque,,,220.0,C29,TRÁNSITO,AUTOMOVIL,PARTICULAR
2019-11-18,18.0,Solo daños,Choque,,,255.0,C02,TRÁNSITO,AUTOMOVIL,PARTICULAR
2019-11-19,18.0,Solo daños,Choque,,,192.0,C02,TRÁNSITO,AUTOMOVIL,PARTICULAR
2019-11-20,29.0,Solo daños,Choque,,,189.0,C02,TRÁNSITO,AUTOMOVIL,PARTICULAR
2019-11-21,10.0,Solo daños,Choque,,,156.0,C29,TRÁNSITO,AUTOMOVIL,PARTICULAR
2019-11-22,19.0,Solo daños,Choque,,,172.0,C02,TRÁNSITO,AUTOMOVIL,PARTICULAR
2019-11-23,21.0,Con heridos,Choque,,,223.0,C02,TRÁNSITO,AUTOMOVIL,PARTICULAR
2019-11-24,10.0,Solo daños,Choque,,,187.0,C29,TRÁNSITO,AUTOMOVIL,PARTICULAR
2019-11-25,15.0,Solo daños,Choque,,,245.0,C29,TRÁNSITO,AUTOMOVIL,PARTICULAR
2019-11-26,19.0,Solo daños,Choque,,,229.0,C02,TRÁNSITO,AUTOMOVIL,PARTICULAR
2019-11-27,13.0,Solo daños,Choque,,,244.0,C02,TRÁNSITO,AUTOMOVIL,PARTICULAR
2019-11-28,16.0,Solo daños,Choque,,,258.0,C02,TRÁNSITO,AUTOMOVIL,PARTICULAR
2019-11-29,16.0,Solo daños,Choque,,,236.0,C02,TRÁNSITO,AUTOMOVIL,PARTICULAR
2019-11-30,11.0,Solo daños,Choque,,,229.0,C02,TRÁNSITO,AUTOMOVIL,PARTICULAR
2019-12-01,13.0,Solo daños,Choque,,,230.0,C29,TRÁNSITO,AUTOMOVIL,PARTICULAR
2019-12-02,22.0,Solo daños,Choque,,,204.0,C02,TRÁNSITO,AUTOMOVIL,PARTICULAR
2019-12-03,27.0,Solo daños,Choque,,,211.0,C02,TRÁNSITO,AUTOMOVIL,PARTICULAR
2019-12-04,9.0,Solo daños,Choque,,,190.0,C29,TRÁNSITO,AUTOMOVIL,PARTICULAR
2019-12-05,25.0,Solo daños,Choque,,,184.0,C02,TRÁNSITO,AUTOMOVIL,PARTICULAR
2019-12-06,13.0,Solo daños,Choque,,,214.0,C02,TRÁNSITO,AUTOMOVIL,PARTICULAR
2019-12-07,5.0,Con heridos,Choque,,,168.0,C29,TRÁNSITO,AUTOMOVIL,PARTICULAR
2019-12-08,13.0,Con heridos,Choque,,,241.0,C29,TRÁNSITO,AUTOMOVIL,PARTICULAR
2019-12-09,10.0,Con heridos,Choque,,,217.0,C02,TRÁNSITO,AUTOMOVIL,PARTICULAR
2019-12-10,14.0,Solo daños,Choque,,,218.0,C02,TRÁNSITO,AUTOMOVIL,PARTICULAR
2019-12-11,16.0,Solo daños,Choque,,,257.0,C02,TRÁNSITO,AUTOMOVIL,PARTICULAR
2019-12-12,15.0,Solo daños,Choque,,,219.0,C02,TRÁNSITO,AUTOMOVIL,PARTICULAR
2019-12-13,14.0,Solo daños,Choque,,,240.0,C02,TRÁNSITO,AUTOMOVIL,PARTICULAR
2019-12-14,14.0,Solo daños,Choque,,,256.0,C02,TRÁNSITO,AUTOMOVIL,PARTICULAR
2019-12-15,9.0,Solo daños,Choque,,,183.0,C29,TRÁNSITO,AUTOMOVIL,PARTICULAR
2019-12-16,21.0,Solo daños,Choque,,,202.0,C02,TRÁNSITO,AUTOMOVIL,PARTICULAR
2019-12-17,21.0,Solo daños,Choque,,,197.0,C02,TRÁNSITO,AUTOMOVIL,PARTICULAR
2019-12-18,18.0,Solo daños,Choque,,,237.0,C02,TRÁNSITO,AUTOMOVIL,PARTICULAR
2019-12-19,18.0,Solo daños,Choque,,,230.0,C02,TRÁNSITO,AUTOMOVIL,PARTICULAR
2019-12-20,18.0,Solo daños,Choque,,,245.0,C02,TRÁNSITO,AUTOMOVIL,PARTICULAR
2019-12-21,15.0,Solo daños,Choque,,,244.0,C02,TRÁNSITO,AUTOMOVIL,PARTICULAR
2019-12-22,12.0,Solo daños,Choque,,,179.0,C29,TRÁNSITO,AUTOMOVIL,PARTICULAR
2019-12-23,19.0,Solo daños,Choque,,,293.0,C02,TRÁNSITO,AUTOMOVIL,PARTICULAR
2019-12-24,14.0,Solo daños,Choque,,,209.0,C02,TRÁNSITO,AUTOMOVIL,PARTICULAR
2019-12-25,15.0,Con heridos,Choque,,,234.0,C29,TRÁNSITO,AUTOMOVIL,PARTICULAR
2019-12-26,12.0,Solo daños,Choque,,,234.0,C02,TRÁNSITO,AUTOMOVIL,PARTICULAR
2019-12-27,22.0,Solo daños,Choque,,,265.0,C02,TRÁNSITO,AUTOMOVIL,PARTICULAR
2019-12-28,16.0,Solo daños,Choque,,,270.0,C02,TRÁNSITO,AUTOMOVIL,PARTICULAR
2019-12-29,7.0,Con heridos,Choque,,,196.0,C29,TRÁNSITO,AUTOMOVIL,PARTICULAR
2019-12-30,9.0,Solo daños,Choque,,,238.0,C02,TRÁNSITO,AUTOMOVIL,PARTICULAR
2019-12-31,9.0,Solo daños,Choque,,,217.0,C29,TRÁNSITO,AUTOMOVIL,PARTICULAR
2020-01-01,10.0,Solo daños,Choque,,,210.0,C29,TRÁNSITO,AUTOMOVIL,PARTICULAR
2020-01-02,8.0,Con heridos,Choque,,,279.0,C02,TRÁNSITO,AUTOMOVIL,PARTICULAR
2020-01-03,9.0,Solo daños,Choque,,,249.0,C02,TRÁNSITO,AUTOMOVIL,PARTICULAR
2020-01-04,11.0,Solo daños,Choque,,,272.0,C02,TRÁNSITO,AUTOMOVIL,PARTICULAR
2020-01-05,8.0,Solo daños,Choque,,,268.0,C29,TRÁNSITO,AUTOMOVIL,PARTICULAR
2020-01-06,12.0,Solo daños,Choque,,,237.0,C29,TRÁNSITO,AUTOMOVIL,PARTICULAR
2020-01-07,14.0,Solo daños,Choque,,,245.0,C02,TRÁNSITO,AUTOMOVIL,PARTICULAR
2020-01-08,11.0,Solo daños,Choque,,,229.0,C02,TRÁNSITO,AUTOMOVIL,PARTICULAR
2020-01-09,11.0,Solo daños,Choque,,,256.0,C02,TRÁNSITO,AUTOMOVIL,PARTICULAR
2020-01-10,13.0,Solo daños,Choque,,,240.0,C02,TRÁNSITO,AUTOMOVIL,PARTICULAR
2020-01-11,17.0,Solo daños,Choque,,,258.0,C02,TRÁNSITO,AUTOMOVIL,PARTICULAR
2020-01-12,10.0,Solo daños,Choque,,,222.0,C29,TRÁNSITO,AUTOMOVIL,PARTICULAR
2020-01-13,15.0,Solo daños,Choque,,,221.0,C02,TRÁNSITO,AUTOMOVIL,PARTICULAR
2020-01-14,13.0,Solo daños,Choque,,,227.0,C02,TRÁNSITO,AUTOMOVIL,PARTICULAR
2020-01-15,16.0,Solo daños,Choque,,,213.0,C02,TRÁNSITO,AUTOMOVIL,PARTICULAR
2020-01-16,11.0,Solo daños,Choque,,,231.0,C02,TRÁNSITO,AUTOMOVIL,PARTICULAR
2020-01-17,19.0,Solo daños,Choque,,,227.0,C02,TRÁNSITO,AUTOMOVIL,PARTICULAR
2020-01-18,13.0,Con heridos,Choque,,,222.0,C02,TRÁNSITO,AUTOMOVIL,PARTICULAR
2020-01-19,8.0,Solo daños,Choque,,,221.0,C29,TRÁNSITO,AUTOMOVIL,PARTICULAR
2020-01-20,14.0,Solo daños,Choque,,,255.0,C02,TRÁNSITO,AUTOMOVIL,PARTICULAR
2020-01-21,13.0,Solo daños,Choque,,,244.0,C02,TRÁNSITO,AUTOMOVIL,PARTICULAR
2020-01-22,20.0,Solo daños,Choque,,,215.0,C02,TRÁNSITO,AUTOMOVIL,PARTICULAR
2020-01-23,9.0,Solo daños,Choque,,,218.0,C02,TRÁNSITO,AUTOMOVIL,PARTICULAR
2020-01-24,13.0,Solo daños,Choque,,,243.0,C02,TRÁNSITO,AUTOMOVIL,PARTICULAR
2020-01-25,10.0,Solo daños,Choque,,,272.0,C02,TRÁNSITO,AUTOMOVIL,PARTICULAR
2020-01-26,11.0,Solo daños,Choque,,,187.0,C29,TRÁNSITO,AUTOMOVIL,PARTICULAR
2020-01-27,15.0,Solo daños,Choque,,,241.0,C02,TRÁNSITO,AUTOMOVIL,PARTICULAR
2020-01-28,27.0,Solo daños,Choque,,,187.0,C02,TRÁNSITO,AUTOMOVIL,PARTICULAR
2020-01-29,26.0,Solo daños,Choque,,,247.0,C02,TRÁNSITO,AUTOMOVIL,PARTICULAR
2020-01-30,10.0,Con heridos,Choque,,,219.0,C02,TRÁNSITO,AUTOMOVIL,PARTICULAR
2020-01-31,13.0,Solo daños,Choque,,,292.0,C02,TRÁNSITO,AUTOMOVIL,PARTICULAR
2020-02-01,18.0,Solo daños,Choque,,,289.0,C02,TRÁNSITO,AUTOMOVIL,PARTICULAR
2020-02-02,6.0,Solo daños,Choque,,,218.0,C29,TRÁNSITO,AUTOMOVIL,PARTICULAR
2020-02-03,19.0,Solo daños,Choque,,,271.0,C02,TRÁNSITO,AUTOMOVIL,PARTICULAR
2020-02-04,21.0,Solo daños,Choque,,,238.0,C02,TRÁNSITO,AUTOMOVIL,PARTICULAR
2020-02-05,13.0,Solo daños,Choque,,,241.0,C02,TRÁNSITO,AUTOMOVIL,PARTICULAR
2020-02-06,15.0,Solo daños,Choque,,,236.0,C02,TRÁNSITO,AUTOMOVIL,PARTICULAR
2020-02-07,10.0,Solo daños,Choque,,,242.0,C02,TRÁNSITO,AUTOMOVIL,PARTICULAR
2020-02-08,15.0,Solo daños,Choque,,,252.0,C02,TRÁNSITO,AUTOMOVIL,PARTICULAR
2020-02-09,8.0,Solo daños,Choque,,,177.0,C29,TRÁNSITO,AUTOMOVIL,PARTICULAR
2020-02-10,25.0,Solo daños,Choque,,,241.0,C02,TRÁNSITO,AUTOMOVIL,PARTICULAR
2020-02-11,20.0,Solo daños,Choque,,,226.0,C02,TRÁNSITO,AUTOMOVIL,PARTICULAR
2020-02-12,15.0,Solo daños,Choque,,,265.0,C02,TRÁNSITO,AUTOMOVIL,PARTICULAR
2020-02-13,29.0,Solo daños,Choque,,,262.0,C02,TRÁNSITO,AUTOMOVIL,PARTICULAR
2020-02-14,18.0,Solo daños,Choque,,,279.0,C02,TRÁNSITO,AUTOMOVIL,PARTICULAR
2020-02-15,23.0,Solo daños,Choque,,,240.0,C02,TRÁNSITO,AUTOMOVIL,PARTICULAR
2020-02-16,9.0,Solo daños,Choque,,,181.0,C29,TRÁNSITO,AUTOMOVIL,PARTICULAR
2020-02-17,13.0,Solo daños,Choque,,,235.0,C02,TRÁNSITO,AUTOMOVIL,PARTICULAR
2020-02-18,14.0,Solo daños,Choque,,,271.0,C02,TRÁNSITO,AUTOMOVIL,PARTICULAR
2020-02-19,22.0,Solo daños,Choque,,,249.0,C02,TRÁNSITO,AUTOMOVIL,PARTICULAR
2020-02-20,19.0,Solo daños,Choque,,,282.0,C02,TRÁNSITO,AUTOMOVIL,PARTICULAR
2020-02-21,16.0,Solo daños,Choque,,,284.0,C02,TRÁNSITO,AUTOMOVIL,PARTICULAR
2020-02-22,16.0,Solo daños,Choque,,,214.0,C29,TRÁNSITO,AUTOMOVIL,PARTICULAR
2020-02-23,12.0,Con heridos,Choque,,,208.0,C29,TRÁNSITO,AUTOMOVIL,PARTICULAR
2020-02-24,8.0,Con heridos,Choque,,,207.0,C29,TRÁNSITO,AUTOMOVIL,PARTICULAR
2020-02-25,11.0,Con heridos,Choque,,,228.0,C29,TRÁNSITO,AUTOMOVIL,PARTICULAR
2020-02-26,18.0,Solo daños,Choque,,,252.0,C02,TRÁNSITO,AUTOMOVIL,PARTICULAR
2020-02-27,17.0,Solo daños,Choque,,,231.0,C02,TRÁNSITO,AUTOMOVIL,PARTICULAR
2020-02-28,22.0,Solo daños,Choque,,,226.0,C02,TRÁNSITO,AUTOMOVIL,PARTICULAR
2020-02-29,14.0,Solo daños,Choque,,,244.0,C02,TRÁNSITO,AUTOMOVIL,PARTICULAR
2020-03-01,9.0,Solo daños,Choque,,,176.0,C29,TRÁNSITO,AUTOMOVIL,PARTICULAR
2020-03-02,12.0,Solo daños,Choque,,,274.0,C02,TRÁNSITO,AUTOMOVIL,PARTICULAR
2020-03-03,14.0,Solo daños,Choque,,,275.0,C02,TRÁNSITO,AUTOMOVIL,PARTICULAR
2020-03-04,15.0,Solo daños,Choque,,,120.0,C29,TRÁNSITO,AUTOMOVIL,PARTICULAR
2020-03-05,17.0,Solo daños,Choque,,,138.0,C29,TRÁNSITO,AUTOMOVIL,PARTICULAR
2020-03-06,16.0,Solo daños,Choque,,,163.0,C29,TRÁNSITO,AUTOMOVIL,PARTICULAR
2020-03-07,15.0,Solo daños,Choque,,,205.0,C29,TRÁNSITO,AUTOMOVIL,PARTICULAR
2020-03-08,13.0,Solo daños,Choque,,,179.0,C29,TRÁNSITO,AUTOMOVIL,PARTICULAR
2020-03-09,11.0,Solo daños,Choque,,,195.0,C29,TRÁNSITO,AUTOMOVIL,PARTICULAR
2020-03-10,12.0,Solo daños,Choque,,,222.0,C02,TRÁNSITO,AUTOMOVIL,PARTICULAR
2020-03-11,17.0,Solo daños,Choque,,,254.0,C02,TRÁNSITO,AUTOMOVIL,PARTICULAR
2020-03-12,20.0,Solo daños,Choque,,,229.0,C02,TRÁNSITO,AUTOMOVIL,PARTICULAR
2020-03-13,19.0,Solo daños,Choque,,,269.0,C02,TRÁNSITO,AUTOMOVIL,PARTICULAR
2020-03-14,21.0,Solo daños,Choque,,,276.0,C02,TRÁNSITO,AUTOMOVIL,PARTICULAR
2020-03-15,13.0,Solo daños,Choque,,,204.0,C29,TRÁNSITO,AUTOMOVIL,PARTICULAR
2020-03-16,13.0,Solo daños,Choque,,,269.0,C02,TRÁNSITO,AUTOMOVIL,PARTICULAR
2020-03-17,12.0,Con heridos,Choque,,,281.0,C02,TRÁNSITO,AUTOMOVIL,PARTICULAR
2020-03-18,10.0,Con heridos,Choque,,,234.0,C02,TRÁNSITO,AUTOMOVIL,PARTICULAR
2020-03-19,12.0,Con heridos,Choque,,,208.0,C29,TRÁNSITO,AUTOMOVIL,PARTICULAR
2020-03-20,6.0,Con heridos,Choque,,,184.0,C02,TRÁNSITO,AUTOMOVIL,PARTICULAR
2020-03-21,7.0,Solo daños,Choque,,,102.0,C29,TRÁNSITO,AUTOMOVIL,PARTICULAR
2020-03-22,2.0,Con heridos,Choque,,,162.0,C29,TRÁNSITO,AUTOMOVIL,PARTICULAR
2020-03-23,3.0,Con heridos,Choque,,,126.0,C29,TRÁNSITO,AUTOMOVIL,PARTICULAR
2020-03-24,8.0,Con heridos,Choque,,,100.0,C29,TRÁNSITO,AUTOMOVIL,PARTICULAR
2020-03-25,1.0,Con heridos,Atropello,,,123.0,C29,TRÁNSITO,AUTOMOVIL,PARTICULAR
2020-03-26,2.0,Con heridos,Choque,,,151.0,C29,TRÁNSITO,AUTOMOVIL,PARTICULAR
2020-03-28,2.0,Solo daños,Choque,,,162.0,C29,TRÁNSITO,AUTOMOVIL,PARTICULAR
2020-03-29,1.0,Con heridos,Choque,,,155.0,C29,TRÁNSITO,AUTOMOVIL,PARTICULAR
2020-03-30,1.0,Solo daños,Choque,,,128.0,C29,TRÁNSITO,AUTOMOVIL,PARTICULAR
2020-03-31,1.0,Solo daños,Choque,,,123.0,C29,TRÁNSITO,AUTOMOVIL,PARTICULAR
2020-04-01,6.0,Con heridos,Choque,,,147.0,C29,TRÁNSITO,AUTOMOVIL,PARTICULAR
2020-04-02,2.0,Con heridos,Choque,,,152.0,C29,TRÁNSITO,AUTOMOVIL,PARTICULAR
2020-04-03,6.0,Con heridos,Choque,,,159.0,C29,TRÁNSITO,AUTOMOVIL,PARTICULAR
2020-04-04,2.0,Con heridos,Choque,,,163.0,C29,TRÁNSITO,AUTOMOVIL,PARTICULAR
2020-04-05,2.0,Con heridos,Choque,,,152.0,C29,TRÁNSITO,AUTOMOVIL,PARTICULAR
2020-04-06,4.0,Con heridos,Atropello,,,133.0,C29,TRÁNSITO,AUTOMOVIL,PARTICULAR
2020-04-07,3.0,Solo daños,Choque,,,105.0,C29,TRÁNSITO,AUTOMOVIL,PARTICULAR
2020-04-08,2.0,Solo daños,Choque,,,143.0,C29,TRÁNSITO,AUTOMOVIL,PARTICULAR
2020-04-10,1.0,Solo daños,Choque,,,133.0,C29,TRÁNSITO,AUTOMOVIL,PARTICULAR
2020-04-11,2.0,Con heridos,Choque,,,168.0,C29,TRÁNSITO,AUTOMOVIL,PARTICULAR
2020-04-12,1.0,Con heridos,Choque,,,186.0,C29,TRÁNSITO,AUTOMOVIL,PARTICULAR
2020-04-13,7.0,Con heridos,Choque,,,147.0,C29,TRÁNSITO,AUTOMOVIL,PARTICULAR
2020-04-14,5.0,Solo daños,Choque,,,139.0,C29,TRÁNSITO,AUTOMOVIL,PARTICULAR
2020-04-15,4.0,Con heridos,Choque,,,139.0,C29,TRÁNSITO,AUTOMOVIL,PARTICULAR
2020-04-16,5.0,Solo daños,Choque,,,152.0,C29,TRÁNSITO,AUTOMOVIL,PARTICULAR
2020-04-17,2.0,Solo daños,Choque,,,164.0,C29,TRÁNSITO,AUTOMOVIL,PARTICULAR
2020-04-18,3.0,Solo daños,Choque,,,165.0,C29,TRÁNSITO,AUTOMOVIL,PARTICULAR
2020-04-19,3.0,Con heridos,Choque,,,172.0,C29,TRÁNSITO,AUTOMOVIL,PARTICULAR
2020-04-20,9.0,Solo daños,Choque,,,144.0,C29,TRÁNSITO,AUTOMOVIL,PARTICULAR
2020-04-21,5.0,Solo daños,Choque,,,130.0,C29,TRÁNSITO,AUTOMOVIL,PARTICULAR
2020-04-22,2.0,Con heridos,Choque,,,138.0,C29,TRÁNSITO,AUTOMOVIL,PARTICULAR
2020-04-23,6.0,Solo daños,Choque,,,129.0,C29,TRÁNSITO,AUTOMOVIL,PARTICULAR
2020-04-24,4.0,Solo daños,Choque,,,175.0,C29,TRÁNSITO,AUTOMOVIL,PARTICULAR
2020-04-25,2.0,Solo daños,Choque,,,151.0,C29,TRÁNSITO,AUTOMOVIL,PARTICULAR
2020-04-26,4.0,Con heridos,Choque,,,161.0,C29,TRÁNSITO,AUTOMOVIL,PARTICULAR
2020-04-27,4.0,Solo daños,Choque,,,125.0,C29,TRÁNSITO,AUTOMOVIL,PARTICULAR
2020-04-28,4.0,Con heridos,Choque,,,103.0,C29,TRÁNSITO,AUTOMOVIL,PARTICULAR
2020-04-29,7.0,Solo daños,Choque,,,114.0,C29,TRÁNSITO,AUTOMOVIL,PARTICULAR
2020-04-30,5.0,Con heridos,Choque,,,123.0,C29,TRÁNSITO,AUTOMOVIL,PARTICULAR
2020-05-01,2.0,Con muertos,Choque,,,166.0,C29,TRÁNSITO,AUTOMOVIL,PARTICULAR
2020-05-02,6.0,Con heridos,Choque,,,86.0,C29,TRÁNSITO,AUTOMOVIL,PARTICULAR
2020-05-04,8.0,Solo daños,Choque,,,45.0,C29,TRÁNSITO,MOTOCICLETA,PARTICULAR
2020-05-05,3.0,Solo daños,Choque,,,45.0,C29,TRÁNSITO,AUTOMOVIL,PARTICULAR
2020-05-06,7.0,Con heridos,Choque,,,43.0,C29,TRÁNSITO,MOTOCICLETA,PARTICULAR
2020-05-07,3.0,Solo daños,Choque,,,38.0,C29,TRÁNSITO,AUTOMOVIL,PARTICULAR
2020-05-08,10.0,Con heridos,Choque,,,46.0,C29,TRÁNSITO,MOTOCICLETA,PARTICULAR
2020-05-09,1.0,Solo daños,Choque,,,64.0,C29,TRÁNSITO,MOTOCICLETA,PARTICULAR
2020-05-10,2.0,Con heridos,Choque,,,94.0,C29,TRÁNSITO,MOTOCICLETA,PARTICULAR
2020-05-11,3.0,Solo daños,Choque,,,29.0,C29,TRÁNSITO,MOTOCICLETA,PARTICULAR
2020-05-12,2.0,Solo daños,Choque,,,44.0,C29,TRÁNSITO,AUTOMOVIL,PARTICULAR
2020-05-13,9.0,Con heridos,Choque,,,35.0,C29,TRÁNSITO,AUTOMOVIL,PARTICULAR
2020-05-14,4.0,Con heridos,Choque,,,42.0,C29,TRÁNSITO,MOTOCICLETA,PARTICULAR
2020-05-15,8.0,Solo daños,Choque,,,38.0,C29,TRÁNSITO,AUTOMOVIL,PARTICULAR
2020-05-16,10.0,Con heridos,Choque,,,26.0,C29,TRÁNSITO,AUTOMOVIL,PARTICULAR
2020-05-17,1.0,Con heridos,Choque,,,44.0,C29,TRÁNSITO,AUTOMOVIL,PARTICULAR
2020-05-18,6.0,Solo daños,Choque,,,18.0,C29,TRÁNSITO,MOTOCICLETA,PARTICULAR
2020-05-19,6.0,Solo daños,Choque,,,22.0,C29,TRÁNSITO,MOTOCICLETA,PARTICULAR
2020-05-20,6.0,Con heridos,Choque,,,17.0,C29,TRÁNSITO,MOTOCICLETA,PARTICULAR
2020-05-21,3.0,Solo daños,Choque,,,7.0,C29,TRÁNSITO,MOTOCICLETA,PARTICULAR
2020-05-22,2.0,Con heridos,Choque,,,12.0,C29,TRÁNSITO,MOTOCICLETA,PARTICULAR
2020-05-23,4.0,Con heridos,Choque,,,11.0,C29,TRÁNSITO,MOTOCICLETA,PARTICULAR
2020-05-24,2.0,Con heridos,Choque,,,10.0,C29,TRÁNSITO,CAMIONETA,PARTICULAR
2020-05-25,2.0,Con heridos,Choque,,,10.0,C29,TRÁNSITO,MOTOCICLETA,PARTICULAR
2020-05-26,10.0,Solo daños,Choque,,,7.0,C29,TRÁNSITO,MOTOCICLETA,PARTICULAR
2020-05-27,4.0,Con heridos,Choque,,,9.0,C29,TRÁNSITO,MOTOCICLETA,PARTICULAR
2020-05-28,12.0,Solo daños,Choque,,,11.0,C29,TRÁNSITO,AUTOMOVIL,PARTICULAR
2020-05-29,9.0,Solo daños,Choque,,,74.0,C29,TRÁNSITO,AUTOMOVIL,PARTICULAR
2020-05-31,6.0,Solo daños,Choque,,,115.0,C29,TRÁNSITO,AUTOMOVIL,PARTICULAR
2020-06-01,13.0,Solo daños,Choque,,,87.0,C29,TRÁNSITO,AUTOMOVIL,PARTICULAR
2020-06-02,6.0,Con heridos,Choque,,,93.0,C29,TRÁNSITO,AUTOMOVIL,PARTICULAR
2020-06-03,3.0,Solo daños,Choque,,,79.0,C29,TRÁNSITO,AUTOMOVIL,PARTICULAR
2020-06-04,12.0,Solo daños,Choque,,,98.0,C29,TRÁNSITO,AUTOMOVIL,PARTICULAR
2020-06-05,6.0,Solo daños,Choque,,,101.0,C29,TRÁNSITO,AUTOMOVIL,PARTICULAR
2020-06-06,6.0,Solo daños,Choque,,,98.0,C29,TRÁNSITO,MOTOCICLETA,PARTICULAR
2020-06-07,2.0,Con heridos,Choque,,,140.0,C29,TRÁNSITO,AUTOMOVIL,PARTICULAR
2020-06-08,5.0,Solo daños,Choque,,,74.0,C29,TRÁNSITO,AUTOMOVIL,PARTICULAR
2020-06-09,8.0,Solo daños,Choque,,,116.0,C29,TRÁNSITO,AUTOMOVIL,PARTICULAR
2020-06-10,10.0,Solo daños,Choque,,,79.0,C29,TRÁNSITO,AUTOMOVIL,PARTICULAR
2020-06-11,8.0,Solo daños,Choque,,,72.0,C29,TRÁNSITO,AUTOMOVIL,PARTICULAR
2020-06-12,9.0,Con heridos,Choque,,,96.0,C29,TRÁNSITO,AUTOMOVIL,PARTICULAR
2020-06-13,11.0,Solo daños,Choque,,,108.0,C29,TRÁNSITO,AUTOMOVIL,PARTICULAR
2020-06-14,2.0,Con heridos,Choque,,,136.0,C29,TRÁNSITO,AUTOMOVIL,PARTICULAR
2020-06-15,4.0,Solo daños,Choque,,,143.0,C29,TRÁNSITO,AUTOMOVIL,PARTICULAR
2020-06-16,7.0,Solo daños,Choque,,,68.0,C29,TRÁNSITO,AUTOMOVIL,PARTICULAR
2020-06-17,9.0,Con heridos,Choque,,,82.0,C29,TRÁNSITO,MOTOCICLETA,PARTICULAR
2020-06-18,2.0,Solo daños,Choque,,,82.0,C29,TRÁNSITO,AUTOMOVIL,PARTICULAR
2020-06-19,8.0,Solo daños,Choque,,,77.0,C29,TRÁNSITO,AUTOMOVIL,PARTICULAR
2020-06-20,2.0,Solo daños,Choque,,,129.0,C29,TRÁNSITO,AUTOMOVIL,PARTICULAR
2020-06-22,1.0,Solo daños,Choque,,,132.0,C29,TRÁNSITO,AUTOMOVIL,PARTICULAR
2020-06-23,1.0,Con heridos,Choque,,,93.0,C29,TRÁNSITO,AUTOMOVIL,PARTICULAR
2020-06-24,6.0,Con heridos,Choque,,,66.0,C29,TRÁNSITO,AUTOMOVIL,PARTICULAR
2020-06-25,1.0,Solo daños,Choque,,,92.0,C29,TRÁNSITO,AUTOMOVIL,PARTICULAR
2020-06-26,3.0,Con heridos,Choque,,,94.0,C29,TRÁNSITO,AUTOMOVIL,PARTICULAR
2020-06-27,1.0,Solo daños,Choque,,,111.0,C29,TRÁNSITO,AUTOMOVIL,PARTICULAR
2020-06-28,3.0,Con heridos,Choque,,,106.0,C29,TRÁNSITO,AUTOMOVIL,PARTICULAR
2020-06-29,2.0,Solo daños,Choque,,,120.0,C29,TRÁNSITO,AUTOMOVIL,PARTICULAR
2020-06-30,7.0,Solo daños,Choque,,,70.0,C29,TRÁNSITO,AUTOMOVIL,PARTICULAR