FECHA,ACCIDENTES,GRAVEDAD_ACCIDENTE,CLASE_ACCIDENTE,PRECIPITACION_MM,LLUVIA,COMPARENDOS,COD_INFRACCION,TIPO_INFRACCION,CLASE_VEHICULO_INFRACTOR,SERVICIO_VEHICULO_INFRACTOR
2020-07-01,11.0,Solo daños,Choque,,,86.0,C29,TRÁNSITO,AUTOMOVIL,PARTICULAR
2020-07-02,9.0,Solo daños,Choque,,,73.0,C29,TRÁNSITO,AUTOMOVIL,PARTICULAR
2020-07-03,3.0,Con heridos,Choque,,,118.0,C29,TRÁNSITO,MOTOCICLETA,PARTICULAR
2020-07-04,3.0,Con heridos,Choque,,,117.0,C29,TRÁNSITO,AUTOMOVIL,PARTICULAR
2020-07-05,1.0,Con muertos,Choque,,,131.0,C29,TRÁNSITO,AUTOMOVIL,PARTICULAR
2020-07-06,9.0,Solo daños,Choque,,,51.0,C29,TRÁNSITO,MOTOCICLETA,PARTICULAR
2020-07-07,9.0,Con heridos,Choque,,,58.0,C29,TRÁNSITO,MOTOCICLETA,PARTICULAR
2020-07-08,4.0,Solo daños,Choque,,,53.0,C29,TRÁNSITO,MOTOCICLETA,PARTICULAR
2020-07-09,4.0,Con heridos,Choque,,,64.0,C29,TRÁNSITO,AUTOMOVIL,PARTICULAR
2020-07-10,5.0,Solo daños,Choque,,,69.0,C29,TRÁNSITO,AUTOMOVIL,PARTICULAR
2020-07-11,2.0,Con heridos,Atropello,,,57.0,C29,TRÁNSITO,AUTOMOVIL,PARTICULAR
2020-07-12,4.0,Con heridos,Choque,,,115.0,C29,TRÁNSITO,AUTOMOVIL,PARTICULAR
2020-07-13,7.0,Solo daños,Choque,,,72.0,C29,TRÁNSITO,AUTOMOVIL,PARTICULAR
2020-07-14,3.0,Solo daños,Choque,,,55.0,C29,TRÁNSITO,MOTOCICLETA,PARTICULAR
2020-07-15,6.0,Con heridos,Choque,,,96.0,C29,TRÁNSITO,AUTOMOVIL,PARTICULAR
2020-07-16,3.0,Solo daños,Choque,,,89.0,C29,TRÁNSITO,AUTOMOVIL,PARTICULAR
2020-07-17,5.0,Solo daños,Choque,,,91.0,C29,TRÁNSITO,AUTOMOVIL,PARTICULAR
2020-07-18,3.0,Con heridos,Choque,,,90.0,C29,TRÁNSITO,MOTOCICLETA,PARTICULAR
2020-07-19,3.0,Solo daños,Choque,,,124.0,C29,TRÁNSITO,AUTOMOVIL,PARTICULAR
2020-07-21,12.0,Solo daños,Choque,,,72.0,C29,TRÁNSITO,AUTOMOVIL,PARTICULAR
2020-07-22,5.0,Con heridos,Choque,,,56.0,C29,TRÁNSITO,AUTOMOVIL,PARTICULAR
2020-07-23,3.0,Solo daños,Choque,,,86.0,C29,TRÁNSITO,MOTOCICLETA,PARTICULAR
2020-07-24,4.0,Con heridos,Atropello,,,80.0,C29,TRÁNSITO,AUTOMOVIL,PARTICULAR
2020-07-25,6.0,Solo daños,Choque,,,102.0,C29,TRÁNSITO,MOTOCICLETA,PARTICULAR
2020-07-26,3.0,Con heridos,Choque,,,112.0,C29,TRÁNSITO,AUTOMOVIL,PARTICULAR
2020-07-27,11.0,Solo daños,Choque,,,123.0,C29,TRÁNSITO,AUTOMOVIL,PARTICULAR
2020-07-28,12.0,Solo daños,Choque,,,132.0,C29,TRÁNSITO,AUTOMOVIL,PARTICULAR
2020-07-29,4.0,Solo daños,Choque,,,123.0,C29,TRÁNSITO,AUTOMOVIL,PARTICULAR
2020-07-30,6.0,Solo daños,Choque,,,118.0,C29,TRÁNSITO,AUTOMOVIL,PARTICULAR
2020-07-31,7.0,Solo daños,Choque,,,124.0,C29,TRÁNSITO,AUTOMOVIL,PARTICULAR
2020-08-01,6.0,Solo daños,Choque,,,157.0,C29,TRÁNSITO,AUTOMOVIL,PARTICULAR
2020-08-02,3.0,Solo daños,Choque,,,166.0,C29,TRÁNSITO,AUTOMOVIL,PARTICULAR
2020-08-03,4.0,Solo daños,Choque,,,121.0,C29,TRÁNSITO,MOTOCICLETA,PARTICULAR
2020-08-04,9.0,Solo daños,Choque,,,97.0,C29,TRÁNSITO,AUTOMOVIL,PARTICULAR
2020-08-05,3.0,Solo daños,Choque,,,136.0,C29,TRÁNSITO,AUTOMOVIL,PARTICULAR
2020-08-06,4.0,Solo daños,Choque,,,144.0,C29,TRÁNSITO,AUTOMOVIL,PARTICULAR
2020-08-07,3.0,Solo daños,Choque,,,198.0,C29,TRÁNSITO,AUTOMOVIL,PARTICULAR
2020-08-08,3.0,Con heridos,Choque,,,182.0,C29,TRÁNSITO,AUTOMOVIL,PARTICULAR
2020-08-09,1.0,Solo daños,Choque,,,210.0,C29,TRÁNSITO,AUTOMOVIL,PARTICULAR
2020-08-10,1.0,Solo daños,Choque,,,97.0,C29,TRÁNSITO,AUTOMOVIL,PARTICULAR
2020-08-11,13.0,Solo daños,Choque,,,120.0,C29,TRÁNSITO,AUTOMOVIL,PARTICULAR
2020-08-12,5.0,Solo daños,Choque,,,115.0,C29,TRÁNSITO,AUTOMOVIL,PARTICULAR
2020-08-13,12.0,Solo daños,Choque,,,123.0,C29,TRÁNSITO,AUTOMOVIL,PARTICULAR
2020-08-14,9.0,Solo daños,Choque,,,114.0,C29,TRÁNSITO,AUTOMOVIL,PARTICULAR
2020-08-15,7.0,Solo daños,Choque,,,164.0,C29,TRÁNSITO,AUTOMOVIL,PARTICULAR
2020-08-16,1.0,Con muertos,Choque,,,147.0,C29,TRÁNSITO,AUTOMOVIL,PARTICULAR
2020-08-17,9.0,Con heridos,Choque,,,159.0,C29,TRÁNSITO,AUTOMOVIL,PARTICULAR
2020-08-18,7.0,Solo daños,Choque,,,122.0,C29,TRÁNSITO,AUTOMOVIL,PARTICULAR
2020-08-19,6.0,Solo daños,Choque,,,109.0,C29,TRÁNSITO,AUTOMOVIL,PARTICULAR
2020-08-20,9.0,Solo daños,Choque,,,132.0,C29,TRÁNSITO,AUTOMOVIL,PARTICULAR
2020-08-21,6.0,Con heridos,Choque,,,114.0,C29,TRÁNSITO,AUTOMOVIL,PARTICULAR
2020-08-22,6.0,Solo daños,Choque,,,125.0,C29,TRÁNSITO,AUTOMOVIL,PARTICULAR
2020-08-23,3.0,Con heridos,Choque,,,155.0,C29,TRÁNSITO,AUTOMOVIL,PARTICULAR
2020-08-24,9.0,Con heridos,Choque,,,126.0,C29,TRÁNSITO,AUTOMOVIL,PARTICULAR
2020-08-25,8.0,Solo daños,Choque,,,109.0,C29,TRÁNSITO,AUTOMOVIL,PARTICULAR
2020-08-26,10.0,Solo daños,Choque,,,107.0,C29,TRÁNSITO,AUTOMOVIL,PARTICULAR
2020-08-27,10.0,Solo daños,Choque,,,110.0,C29,TRÁNSITO,AUTOMOVIL,PARTICULAR
2020-08-28,6.0,Solo daños,Choque,,,148.0,C29,TRÁNSITO,AUTOMOVIL,PARTICULAR
2020-08-29,10.0,Solo daños,Choque,,,155.0,C29,TRÁNSITO,AUTOMOVIL,PARTICULAR
2020-08-30,3.0,Con heridos,Choque,,,197.0,C29,TRÁNSITO,AUTOMOVIL,PARTICULAR
2020-08-31,8.0,Con heridos,Choque,,,130.0,C29,TRÁNSITO,AUTOMOVIL,PARTICULAR
2020-09-01,14.0,Solo daños,Choque,,,137.0,C29,TRÁNSITO,AUTOMOVIL,PARTICULAR
2020-09-02,6.0,Solo daños,Choque,,,145.0,C29,TRÁNSITO,AUTOMOVIL,PARTICULAR
2020-09-03,7.0,Solo daños,Choque,,,124.0,C29,TRÁNSITO,AUTOMOVIL,PARTICULAR
2020-09-04,12.0,Solo daños,Choque,,,112.0,C29,TRÁNSITO,AUTOMOVIL,PARTICULAR
2020-09-05,8.0,Solo daños,Choque,,,184.0,C29,TRÁNSITO,AUTOMOVIL,PARTICULAR
2020-09-06,4.0,Con heridos,Choque,,,194.0,C29,TRÁNSITO,AUTOMOVIL,PARTICULAR
2020-09-07,7.0,Solo daños,Choque,,,136.0,C29,TRÁNSITO,AUTOMOVIL,PARTICULAR
2020-09-08,12.0,Solo daños,Choque,,,126.0,C29,TRÁNSITO,AUTOMOVIL,PARTICULAR
2020-09-09,9.0,Solo daños,Choque,,,125.0,C29,TRÁNSITO,AUTOMOVIL,PARTICULAR
2020-09-10,14.0,Solo daños,Choque,,,128.0,C29,TRÁNSITO,AUTOMOVIL,PARTICULAR
2020-09-11,4.0,Solo daños,Choque,,,117.0,C29,TRÁNSITO,AUTOMOVIL,PARTICULAR
2020-09-12,8.0,Con heridos,Choque,,,138.0,C29,TRÁNSITO,AUTOMOVIL,PARTICULAR
2020-09-13,7.0,Con heridos,Choque,,,70.0,C29,TRÁNSITO,AUTOMOVIL,PARTICULAR
2020-09-14,17.0,Solo daños,Choque,,,87.0,C29,TRÁNSITO,AUTOMOVIL,PARTICULAR
2020-09-15,8.0,Con heridos,Choque,,,88.0,C29,TRÁNSITO,AUTOMOVIL,PARTICULAR
2020-09-16,6.0,Solo daños,Choque,,,116.0,C29,TRÁNSITO,AUTOMOVIL,PARTICULAR
2020-09-17,9.0,Solo daños,Choque,,,115.0,C29,TRÁNSITO,AUTOMOVIL,PARTICULAR
2020-09-18,7.0,Solo daños,Choque,,,174.0,C29,TRÁNSITO,AUTOMOVIL,PARTICULAR
2020-09-19,7.0,Solo daños,Choque,,,171.0,C29,TRÁNSITO,AUTOMOVIL,PARTICULAR
2020-09-20,5.0,Solo daños,Choque,,,220.0,C29,TRÁNSITO,AUTOMOVIL,PARTICULAR
2020-09-21,8.0,Con heridos,Choque,,,135.0,C29,TRÁNSITO,AUTOMOVIL,PARTICULAR
2020-09-22,9.0,Con heridos,Choque,,,142.0,C29,TRÁNSITO,AUTOMOVIL,PARTICULAR
2020-09-23,16.0,Con heridos,Choque,,,144.0,C29,TRÁNSITO,AUTOMOVIL,PARTICULAR
2020-09-24,10.0,Solo daños,Choque,,,237.0,C02,TRÁNSITO,AUTOMOVIL,PARTICULAR
2020-09-25,13.0,Solo daños,Choque,,,245.0,C02,TRÁNSITO,AUTOMOVIL,PARTICULAR
2020-09-26,11.0,Solo daños,Choque,,,266.0,C02,TRÁNSITO,AUTOMOVIL,PARTICULAR
2020-09-27,8.0,Solo daños,Choque,,,224.0,C29,TRÁNSITO,AUTOMOVIL,PARTICULAR
2020-09-28,13.0,Solo daños,Choque,,,263.0,C02,TRÁNSITO,AUTOMOVIL,PARTICULAR
2020-09-29,7.0,Solo daños,Choque,,,259.0,C02,TRÁNSITO,AUTOMOVIL,PARTICULAR
2020-09-30,7.0,Solo daños,Choque,,,221.0,C02,TRÁNSITO,AUTOMOVIL,PARTICULAR
2020-10-01,13.0,Con heridos,Choque,,,278.0,C02,TRÁNSITO,AUTOMOVIL,PARTICULAR
2020-10-02,11.0,Solo daños,Choque,,,204.0,C02,TRÁNSITO,AUTOMOVIL,PARTICULAR
2020-10-03,12.0,Solo daños,Choque,,,221.0,C02,TRÁNSITO,AUTOMOVIL,PARTICULAR
2020-10-04,12.0,Con heridos,Choque,,,203.0,C29,TRÁNSITO,AUTOMOVIL,PARTICULAR
2020-10-05,15.0,Solo daños,Choque,,,229.0,C02,TRÁNSITO,AUTOMOVIL,PARTICULAR
2020-10-06,11.0,Solo daños,Choque,,,236.0,C02,TRÁNSITO,AUTOMOVIL,PARTICULAR
2020-10-07,17.0,Solo daños,Choque,,,258.0,C02,TRÁNSITO,AUTOMOVIL,PARTICULAR
2020-10-08,8.0,Solo daños,Choque,,,264.0,C02,TRÁNSITO,AUTOMOVIL,PARTICULAR
2020-10-09,16.0,Con heridos,Choque,,,232.0,C02,TRÁNSITO,AUTOMOVIL,PARTICULAR
2020-10-10,10.0,Solo daños,Choque,,,96.0,C29,TRÁNSITO,AUTOMOVIL,PARTICULAR
2020-10-11,5.0,Solo daños,Choque,,,221.0,C29,TRÁNSITO,AUTOMOVIL,PARTICULAR
2020-10-12,8.0,Con heridos,Choque,,,188.0,C29,TRÁNSITO,AUTOMOVIL,PARTICULAR
2020-10-13,10.0,Solo daños,Choque,,,249.0,C02,TRÁNSITO,AUTOMOVIL,PARTICULAR
2020-10-14,10.0,Con heridos,Choque,,,259.0,C02,TRÁNSITO,AUTOMOVIL,PARTICULAR
2020-10-15,10.0,Con heridos,Choque,,,226.0,C02,TRÁNSITO,AUTOMOVIL,PARTICULAR
2020-10-16,13.0,Solo daños,Choque,,,241.0,C02,TRÁNSITO,AUTOMOVIL,PARTICULAR
2020-10-17,6.0,Solo daños,Choque,,,249.0,C02,TRÁNSITO,AUTOMOVIL,PARTICULAR
2020-10-18,7.0,Solo daños,Choque,,,184.0,C29,TRÁNSITO,AUTOMOVIL,PARTICULAR
2020-10-19,10.0,Con heridos,Choque,,,244.0,C02,TRÁNSITO,AUTOMOVIL,PARTICULAR
2020-10-20,13.0,Solo daños,Choque,,,240.0,C02,TRÁNSITO,AUTOMOVIL,PARTICULAR
2020-10-21,11.0,Solo daños,Choque,,,232.0,C02,TRÁNSITO,AUTOMOVIL,PARTICULAR
2020-10-22,13.0,Solo daños,Choque,,,224.0,C02,TRÁNSITO,AUTOMOVIL,PARTICULAR
2020-10-23,14.0,Con heridos,Choque,,,238.0,C02,TRÁNSITO,AUTOMOVIL,PARTICULAR
2020-10-24,12.0,Solo daños,Choque,,,255.0,C02,TRÁNSITO,AUTOMOVIL,PARTICULAR
2020-10-25,10.0,Solo daños,Choque,,,213.0,C29,TRÁNSITO,AUTOMOVIL,PARTICULAR
2020-10-26,12.0,Solo daños,Choque,,,203.0,C02,TRÁNSITO,AUTOMOVIL,PARTICULAR
2020-10-27,18.0,Solo daños,Choque,,,222.0,C02,TRÁNSITO,AUTOMOVIL,PARTICULAR
2020-10-28,10.0,Con heridos,Choque,,,163.0,C02,TRÁNSITO,AUTOMOVIL,PARTICULAR
2020-10-29,8.0,Solo daños,Choque,,,203.0,C02,TRÁNSITO,AUTOMOVIL,PARTICULAR
2020-10-30,14.0,Solo daños,Choque,,,226.0,C02,TRÁNSITO,AUTOMOVIL,PARTICULAR
2020-10-31,15.0,Solo daños,Choque,,,189.0,C02,TRÁNSITO,AUTOMOVIL,PARTICULAR
2020-11-01,7.0,Solo daños,Choque,,,183.0,C29,TRÁNSITO,AUTOMOVIL,PARTICULAR
2020-11-02,6.0,Con heridos,Choque,,,172.0,C29,TRÁNSITO,AUTOMOVIL,PARTICULAR
2020-11-03,10.0,Solo daños,Choque,,,218.0,C02,TRÁNSITO,AUTOMOVIL,PARTICULAR
2020-11-04,11.0,Solo daños,Choque,,,218.0,C02,TRÁNSITO,AUTOMOVIL,PARTICULAR
2020-11-05,10.0,Solo daños,Choque,,,191.0,C02,TRÁNSITO,AUTOMOVIL,PARTICULAR
2020-11-06,11.0,Solo daños,Choque,,,145.0,C02,TRÁNSITO,AUTOMOVIL,PARTICULAR
2020-11-07,8.0,Solo daños,Choque,,,204.0,C02,TRÁNSITO,AUTOMOVIL,PARTICULAR
2020-11-08,5.0,Solo daños,Choque,,,138.0,C29,TRÁNSITO,AUTOMOVIL,PARTICULAR
2020-11-09,9.0,Solo daños,Choque,,,210.0,C02,TRÁNSITO,AUTOMOVIL,PARTICULAR
2020-11-10,14.0,Solo daños,Choque,,,215.0,C02,TRÁNSITO,AUTOMOVIL,PARTICULAR
2020-11-11,6.0,Solo daños,Choque,,,200.0,C02,TRÁNSITO,AUTOMOVIL,PARTICULAR
2020-11-12,10.0,Con heridos,Choque,,,211.0,C02,TRÁNSITO,AUTOMOVIL,PARTICULAR
2020-11-13,9.0,Solo daños,Choque,,,203.0,C02,TRÁNSITO,AUTOMOVIL,PARTICULAR
2020-11-14,13.0,Solo daños,Choque,,,148.0,C02,TRÁNSITO,AUTOMOVIL,PARTICULAR
2020-11-15,2.0,Solo daños,Choque,,,148.0,C29,TRÁNSITO,AUTOMOVIL,PARTICULAR
2020-11-16,13.0,Con heridos,Choque,,,191.0,C29,TRÁNSITO,AUTOMOVIL,PARTICULAR
2020-11-17,15.0,Solo daños,Choque,,,145.0,C02,TRÁNSITO,AUTOMOVIL,PARTICULAR
2020-11-18,7.0,Solo daños,Choque,,,178.0,C02,TRÁNSITO,AUTOMOVIL,PARTICULAR
2020-11-19,11.0,Solo daños,Choque,,,203.0,C02,TRÁNSITO,AUTOMOVIL,PARTICULAR
2020-11-20,12.0,Solo daños,Choque,,,169.0,C02,TRÁNSITO,AUTOMOVIL,PARTICULAR
2020-11-21,9.0,Solo daños,Choque,,,202.0,C02,TRÁNSITO,AUTOMOVIL,PARTICULAR
2020-11-22,5.0,Con heridos,Choque,,,159.0,C29,TRÁNSITO,AUTOMOVIL,PARTICULAR
2020-11-23,15.0,Solo daños,Choque,,,176.0,C02,TRÁNSITO,AUTOMOVIL,PARTICULAR
2020-11-24,14.0,Solo daños,Choque,,,196.0,C02,TRÁNSITO,AUTOMOVIL,PARTICULAR
2020-11-25,5.0,Solo daños,Choque,,,206.0,C02,TRÁNSITO,AUTOMOVIL,PARTICULAR
2020-11-26,13.0,Solo daños,Choque,,,182.0,C02,TRÁNSITO,AUTOMOVIL,PARTICULAR
2020-11-27,11.0,Con heridos,Choque,,,199.0,C02,TRÁNSITO,AUTOMOVIL,PARTICULAR
2020-11-28,12.0,Solo daños,Choque,,,226.0,C02,TRÁNSITO,AUTOMOVIL,PARTICULAR
2020-11-29,7.0,Con heridos,Choque,,,187.0,C29,TRÁNSITO,AUTOMOVIL,PARTICULAR
2020-11-30,8.0,Solo daños,Choque,,,192.0,C02,TRÁNSITO,AUTOMOVIL,PARTICULAR
2020-12-01,16.0,Solo daños,Choque,,,172.0,C02,TRÁNSITO,AUTOMOVIL,PARTICULAR
2020-12-02,12.0,Solo daños,Choque,,,205.0,C02,TRÁNSITO,AUTOMOVIL,PARTICULAR
2020-12-03,15.0,Solo daños,Choque,,,251.0,C02,TRÁNSITO,AUTOMOVIL,PARTICULAR
2020-12-04,11.0,Solo daños,Choque,,,226.0,C02,TRÁNSITO,AUTOMOVIL,PARTICULAR
2020-12-05,16.0,Solo daños,Choque,,,123.0,C29,TRÁNSITO,AUTOMOVIL,PARTICULAR
2020-12-06,8.0,Solo daños,Choque,,,175.0,C29,TRÁNSITO,AUTOMOVIL,PARTICULAR
2020-12-07,14.0,Solo daños,Choque,,,197.0,C02,TRÁNSITO,AUTOMOVIL,PARTICULAR
2020-12-08,6.0,Con heridos,Choque,,,184.0,C29,TRÁNSITO,AUTOMOVIL,PARTICULAR
2020-12-09,16.0,Solo daños,Choque,,,220.0,C02,TRÁNSITO,AUTOMOVIL,PARTICULAR
2020-12-10,9.0,Solo daños,Choque,,,183.0,C02,TRÁNSITO,AUTOMOVIL,PARTICULAR
2020-12-11,12.0,Solo daños,Choque,,,207.0,C02,TRÁNSITO,AUTOMOVIL,PARTICULAR
2020-12-12,17.0,Solo daños,Choque,,,157.0,C02,TRÁNSITO,AUTOMOVIL,PARTICULAR
2020-12-13,7.0,Solo daños,Choque,,,170.0,C29,TRÁNSITO,AUTOMOVIL,PARTICULAR
2020-12-14,16.0,Solo daños,Choque,,,207.0,C02,TRÁNSITO,AUTOMOVIL,PARTICULAR
2020-12-15,22.0,Solo daños,Choque,,,214.0,C02,TRÁNSITO,AUTOMOVIL,PARTICULAR
2020-12-16,12.0,Solo daños,Choque,,,212.0,C02,TRÁNSITO,AUTOMOVIL,PARTICULAR
2020-12-17,15.0,Solo daños,Choque,,,192.0,C02,TRÁNSITO,AUTOMOVIL,PARTICULAR
2020-12-18,12.0,Solo daños,Choque,,,227.0,C02,TRÁNSITO,AUTOMOVIL,PARTICULAR
2020-12-19,13.0,Solo daños,Choque,,,202.0,C02,TRÁNSITO,AUTOMOVIL,PARTICULAR
2020-12-20,13.0,Solo daños,Choque,,,200.0,C29,TRÁNSITO,AUTOMOVIL,PARTICULAR
2020-12-21,28.0,Solo daños,Choque,,,192.0,C02,TRÁNSITO,AUTOMOVIL,PARTICULAR
2020-12-22,10.0,Solo daños,Choque,,,196.0,C02,TRÁNSITO,AUTOMOVIL,PARTICULAR
2020-12-23,15.0,Solo daños,Choque,,,197.0,C02,TRÁNSITO,AUTOMOVIL,PARTICULAR
2020-12-24,18.0,Solo daños,Choque,,,144.0,C29,TRÁNSITO,AUTOMOVIL,PARTICULAR
2020-12-25,8.0,Con heridos,Choque,,,227.0,C29,TRÁNSITO,AUTOMOVIL,PARTICULAR
2020-12-26,16.0,Solo daños,Choque,,,268.0,C02,TRÁNSITO,AUTOMOVIL,PARTICULAR
2020-12-27,9.0,Solo daños,Choque,,,186.0,C29,TRÁNSITO,AUTOMOVIL,PARTICULAR
2020-12-28,10.0,Solo daños,Choque,,,223.0,C02,TRÁNSITO,AUTOMOVIL,PARTICULAR
2020-12-29,11.0,Solo daños,Choque,,,240.0,C02,TRÁNSITO,AUTOMOVIL,PARTICULAR
2020-12-30,9.0,Solo daños,Choque,,,207.0,C02,TRÁNSITO,AUTOMOVIL,PARTICULAR
2020-12-31,10.0,Solo daños,Choque,,,150.0,C29,TRÁNSITO,AUTOMOVIL,PARTICULAR
2021-01-01,3.0,Con heridos,Choque,,,248.0,C29,TRÁNSITO,AUTOMOVIL,PARTICULAR
2021-01-02,6.0,Con heridos,Choque,,,202.0,C29,TRÁNSITO,AUTOMOVIL,PARTICULAR
2021-01-03,4.0,Solo daños,Choque,,,237.0,C29,TRÁNSITO,AUTOMOVIL,PARTICULAR
2021-01-04,10.0,Solo daños,Choque,,,126.0,C29,TRÁNSITO,AUTOMOVIL,PARTICULAR
2021-01-05,5.0,Solo daños,Choque,,,99.0,C29,TRÁNSITO,AUTOMOVIL,PARTICULAR
2021-01-06,12.0,Solo daños,Choque,,,129.0,C29,TRÁNSITO,AUTOMOVIL,PARTICULAR
2021-01-07,9.0,Solo daños,Choque,,,116.0,C29,TRÁNSITO,AUTOMOVIL,PARTICULAR
2021-01-08,6.0,Solo daños,Choque,,,118.0,C29,TRÁNSITO,AUTOMOVIL,PARTICULAR
2021-01-09,10.0,Con heridos,Choque,,,137.0,C29,TRÁNSITO,AUTOMOVIL,PARTICULAR
2021-01-10,8.0,Con heridos,Choque,,,232.0,C29,TRÁNSITO,AUTOMOVIL,PARTICULAR
2021-01-11,7.0,Con heridos,Choque,,,231.0,C29,TRÁNSITO,AUTOMOVIL,PARTICULAR
2021-01-12,9.0,Solo daños,Choque,,,126.0,C29,TRÁNSITO,AUTOMOVIL,PARTICULAR
2021-01-13,16.0,Solo daños,Choque,,,140.0,C29,TRÁNSITO,AUTOMOVIL,PARTICULAR
2021-01-14,12.0,Solo daños,Choque,,,97.0,C29,TRÁNSITO,AUTOMOVIL,PARTICULAR
2021-01-15,11.0,Solo daños,Choque,,,100.0,C29,TRÁNSITO,AUTOMOVIL,PARTICULAR
2021-01-16,14.0,Solo daños,Choque,,,112.0,C29,TRÁNSITO,AUTOMOVIL,PARTICULAR
2021-01-17,12.0,Con heridos,Choque,,,209.0,C29,TRÁNSITO,AUTOMOVIL,PARTICULAR
2021-01-18,16.0,Solo daños,Choque,,,122.0,C29,TRÁNSITO,AUTOMOVIL,PARTICULAR
2021-01-19,18.0,Solo daños,Choque,,,139.0,C29,TRÁNSITO,AUTOMOVIL,PARTICULAR
2021-01-20,11.0,Solo daños,Choque,,,166.0,C02,TRÁNSITO,AUTOMOVIL,PARTICULAR
2021-01-21,14.0,Solo daños,Choque,,,226.0,C02,TRÁNSITO,AUTOMOVIL,PARTICULAR
2021-01-22,20.0,Solo daños,Choque,,,222.0,C02,TRÁNSITO,AUTOMOVIL,PARTICULAR
2021-01-23,11.0,Solo daños,Choque,,,256.0,C02,TRÁNSITO,AUTOMOVIL,PARTICULAR
2021-01-24,9.0,Solo daños,Choque,,,202.0,C29,TRÁNSITO,AUTOMOVIL,PARTICULAR
2021-01-25,16.0,Solo daños,Choque,,,277.0,C02,TRÁNSITO,AUTOMOVIL,PARTICULAR
2021-01-26,11.0,Solo daños,Choque,,,289.0,C02,TRÁNSITO,AUTOMOVIL,PARTICULAR
2021-01-27,15.0,Solo daños,Choque,,,291.0,C02,TRÁNSITO,AUTOMOVIL,PARTICULAR
2021-01-28,17.0,Solo daños,Choque,,,240.0,C02,TRÁNSITO,AUTOMOVIL,PARTICULAR
2021-01-29,14.0,Solo daños,Choque,,,249.0,C02,TRÁNSITO,AUTOMOVIL,PARTICULAR
2021-01-30,12.0,Solo daños,Choque,,,291.0,C02,TRÁNSITO,AUTOMOVIL,PARTICULAR
2021-01-31,8.0,Con heridos,Choque,,,207.0,C29,TRÁNSITO,AUTOMOVIL,PARTICULAR
2021-02-01,10.0,Con heridos,Choque,,,259.0,C02,TRÁNSITO,AUTOMOVIL,PARTICULAR
2021-02-02,15.0,Solo daños,Choque,,,282.0,C02,TRÁNSITO,AUTOMOVIL,PARTICULAR
2021-02-03,8.0,Solo daños,Choque,,,289.0,C02,TRÁNSITO,AUTOMOVIL,PARTICULAR
2021-02-04,9.0,Solo daños,Choque,,,260.0,C02,TRÁNSITO,AUTOMOVIL,PARTICULAR
2021-02-05,12.0,Solo daños,Choque,,,281.0,C02,TRÁNSITO,AUTOMOVIL,PARTICULAR
2021-02-06,16.0,Solo daños,Choque,,,281.0,C02,TRÁNSITO,AUTOMOVIL,PARTICULAR
2021-02-07,5.0,Con heridos,Choque,,,164.0,C29,TRÁNSITO,AUTOMOVIL,PARTICULAR
2021-02-08,16.0,Solo daños,Choque,,,224.0,C02,TRÁNSITO,AUTOMOVIL,PARTICULAR
2021-02-09,15.0,Solo daños,Choque,,,274.0,C02,TRÁNSITO,AUTOMOVIL,PARTICULAR
2021-02-10,13.0,Solo daños,Choque,,,276.0,C02,TRÁNSITO,AUTOMOVIL,PARTICULAR
2021-02-11,6.0,Con heridos,Choque,,,234.0,C02,TRÁNSITO,AUTOMOVIL,PARTICULAR
2021-02-12,12.0,Solo daños,Choque,,,261.0,C02,TRÁNSITO,AUTOMOVIL,PARTICULAR
2021-02-13,12.0,Solo daños,Choque,,,163.0,C29,TRÁNSITO,AUTOMOVIL,PARTICULAR
2021-02-14,2.0,Solo daños,Choque,,,230.0,C29,TRÁNSITO,AUTOMOVIL,PARTICULAR
2021-02-15,13.0,Solo daños,Choque,,,235.0,C02,TRÁNSITO,AUTOMOVIL,PARTICULAR
2021-02-16,11.0,Solo daños,Choque,,,230.0,C02,TRÁNSITO,AUTOMOVIL,PARTICULAR
2021-02-17,13.0,Solo daños,Choque,,,244.0,C02,TRÁNSITO,AUTOMOVIL,PARTICULAR
2021-02-18,13.0,Solo daños,Choque,,,230.0,C02,TRÁNSITO,AUTOMOVIL,PARTICULAR
2021-02-19,9.0,Solo daños,Choque,,,247.0,C02,TRÁNSITO,AUTOMOVIL,PARTICULAR
2021-02-20,14.0,Con heridos,Choque,,,188.0,C02,TRÁNSITO,AUTOMOVIL,PARTICULAR
2021-02-21,15.0,Solo daños,Choque,,,188.0,C29,TRÁNSITO,AUTOMOVIL,PARTICULAR
2021-02-22,15.0,Solo daños,Choque,,,188.0,C02,TRÁNSITO,AUTOMOVIL,PARTICULAR
2021-02-23,13.0,Con heridos,Choque,,,250.0,C02,TRÁNSITO,AUTOMOVIL,PARTICULAR
2021-02-24,14.0,Solo daños,Choque,,,241.0,C02,TRÁNSITO,AUTOMOVIL,PARTICULAR