FECHA,ACCIDENTES,GRAVEDAD_ACCIDENTE,CLASE_ACCIDENTE,PRECIPITACION_MM,LLUVIA,COMPARENDOS,COD_INFRACCION,TIPO_INFRACCION,CLASE_VEHICULO_INFRACTOR,SERVICIO_VEHICULO_INFRACTOR
2021-02-25,12.0,Solo daños,Choque,,,247.0,C02,TRÁNSITO,AUTOMOVIL,PARTICULAR
2021-02-26,15.0,Solo daños,Choque,,,269.0,C02,TRÁNSITO,AUTOMOVIL,PARTICULAR
2021-02-27,23.0,Solo daños,Choque,,,259.0,C02,TRÁNSITO,AUTOMOVIL,PARTICULAR
2021-02-28,8.0,Solo daños,Choque,,,194.0,C29,TRÁNSITO,AUTOMOVIL,PARTICULAR
2021-03-01,14.0,Solo daños,Choque,,,238.0,C02,TRÁNSITO,AUTOMOVIL,PARTICULAR
2021-03-02,19.0,Solo daños,Choque,,,220.0,C02,TRÁNSITO,AUTOMOVIL,PARTICULAR
2021-03-03,10.0,Solo daños,Choque,,,221.0,C02,TRÁNSITO,AUTOMOVIL,PARTICULAR
2021-03-04,11.0,Solo daños,Choque,,,243.0,C02,TRÁNSITO,AUTOMOVIL,PARTICULAR
2021-03-05,17.0,Solo daños,Choque,,,266.0,C02,TRÁNSITO,AUTOMOVIL,PARTICULAR
2021-03-06,12.0,Solo daños,Choque,,,238.0,C02,TRÁNSITO,AUTOMOVIL,PARTICULAR
2021-03-07,8.0,Con heridos,Choque,,,154.0,C29,TRÁNSITO,AUTOMOVIL,PARTICULAR
2021-03-08,20.0,Solo daños,Choque,,,212.0,C02,TRÁNSITO,AUTOMOVIL,PARTICULAR
2021-03-09,13.0,Solo daños,Choque,,,219.0,C02,TRÁNSITO,AUTOMOVIL,PARTICULAR
2021-03-10,13.0,Solo daños,Choque,,,217.0,C02,TRÁNSITO,AUTOMOVIL,PARTICULAR
2021-03-11,16.0,Solo daños,Choque,,,209.0,C02,TRÁNSITO,AUTOMOVIL,PARTICULAR
2021-03-12,14.0,Con heridos,Choque,,,221.0,C02,TRÁNSITO,AUTOMOVIL,PARTICULAR
2021-03-13,13.0,Solo daños,Choque,,,226.0,C02,TRÁNSITO,AUTOMOVIL,PARTICULAR
2021-03-14,12.0,Solo daños,Choque,,,159.0,C29,TRÁNSITO,AUTOMOVIL,PARTICULAR
2021-03-15,12.0,Solo daños,Choque,,,193.0,C02,TRÁNSITO,AUTOMOVIL,PARTICULAR
2021-03-16,15.0,Solo daños,Choque,,,219.0,C02,TRÁNSITO,AUTOMOVIL,PARTICULAR
2021-03-17,10.0,Solo daños,Choque,,,222.0,C02,TRÁNSITO,AUTOMOVIL,PARTICULAR
2021-03-18,10.0,Solo daños,Choque,,,225.0,C02,TRÁNSITO,AUTOMOVIL,PARTICULAR
2021-03-19,14.0,Solo daños,Choque,,,243.0,C02,TRÁNSITO,AUTOMOVIL,PARTICULAR
2021-03-20,12.0,Con heridos,Choque,,,227.0,C02,TRÁNSITO,AUTOMOVIL,PARTICULAR
2021-03-21,8.0,Con heridos,Choque,,,173.0,C29,TRÁNSITO,AUTOMOVIL,PARTICULAR
2021-03-22,6.0,Solo daños,Choque,,,141.0,C29,TRÁNSITO,AUTOMOVIL,PARTICULAR
2021-03-23,7.0,Solo daños,Choque,,,213.0,C02,TRÁNSITO,AUTOMOVIL,PARTICULAR
2021-03-24,10.0,Solo daños,Choque,,,185.0,C02,TRÁNSITO,AUTOMOVIL,PARTICULAR
2021-03-25,20.0,Solo daños,Choque,,,152.0,C02,TRÁNSITO,AUTOMOVIL,PARTICULAR
2021-03-26,12.0,Solo daños,Choque,,,158.0,C02,TRÁNSITO,AUTOMOVIL,PARTICULAR
2021-03-27,13.0,Solo daños,Choque,,,135.0,C02,TRÁNSITO,AUTOMOVIL,PARTICULAR
2021-03-28,11.0,Solo daños,Choque,,,142.0,C29,TRÁNSITO,AUTOMOVIL,PARTICULAR
2021-03-29,7.0,Solo daños,Choque,,,207.0,C02,TRÁNSITO,AUTOMOVIL,PARTICULAR
2021-03-30,9.0,Solo daños,Choque,,,162.0,C02,TRÁNSITO,AUTOMOVIL,PARTICULAR
2021-03-31,14.0,Solo daños,Choque,,,126.0,C29,TRÁNSITO,AUTOMOVIL,PARTICULAR
2021-04-01,6.0,Con heridos,Choque,,,137.0,C29,TRÁNSITO,AUTOMOVIL,PARTICULAR
2021-04-02,6.0,Con heridos,Choque,,,224.0,C29,TRÁNSITO,AUTOMOVIL,PARTICULAR
2021-04-03,5.0,Solo daños,Choque,,,127.0,C29,TRÁNSITO,AUTOMOVIL,PARTICULAR
2021-04-04,5.0,Solo daños,Choque,,,203.0,C29,TRÁNSITO,AUTOMOVIL,PARTICULAR
2021-04-05,14.0,Solo daños,Choque,,,166.0,C02,TRÁNSITO,AUTOMOVIL,PARTICULAR
2021-04-06,8.0,Solo daños,Choque,,,149.0,C02,TRÁNSITO,AUTOMOVIL,PARTICULAR
2021-04-07,4.0,Solo daños,Choque,,,126.0,C02,TRÁNSITO,AUTOMOVIL,PARTICULAR
2021-04-08,11.0,Solo daños,Choque,,,105.0,C02,TRÁNSITO,AUTOMOVIL,PARTICULAR
2021-04-09,11.0,Solo daños,Choque,,,132.0,C02,TRÁNSITO,AUTOMOVIL,PARTICULAR
2021-04-10,5.0,Solo daños,Choque,,,89.0,C29,TRÁNSITO,AUTOMOVIL,PARTICULAR
2021-04-11,1.0,Con heridos,Choque,,,117.0,C29,TRÁNSITO,AUTOMOVIL,PARTICULAR
2021-04-12,10.0,Solo daños,Choque,,,88.0,C02,TRÁNSITO,AUTOMOVIL,PARTICULAR
2021-04-13,12.0,Con heridos,Choque,,,94.0,C02,TRÁNSITO,AUTOMOVIL,PARTICULAR
2021-04-14,7.0,Solo daños,Choque,,,135.0,C02,TRÁNSITO,AUTOMOVIL,PARTICULAR
2021-04-15,9.0,Solo daños,Choque,,,180.0,C02,TRÁNSITO,AUTOMOVIL,PARTICULAR
2021-04-16,12.0,Solo daños,Choque,,,160.0,C29,TRÁNSITO,AUTOMOVIL,PARTICULAR
2021-04-17,4.0,Con heridos,Choque,,,200.0,C29,TRÁNSITO,AUTOMOVIL,PARTICULAR
2021-04-18,5.0,Solo daños,Choque,,,179.0,C29,TRÁNSITO,AUTOMOVIL,PARTICULAR
2021-04-19,14.0,Solo daños,Choque,,,153.0,C29,TRÁNSITO,AUTOMOVIL,PARTICULAR
2021-04-20,8.0,Solo daños,Choque,,,237.0,C02,TRÁNSITO,AUTOMOVIL,PARTICULAR
2021-04-21,14.0,Solo daños,Choque,,,195.0,C02,TRÁNSITO,AUTOMOVIL,PARTICULAR
2021-04-22,11.0,Solo daños,Choque,,,224.0,C02,TRÁNSITO,AUTOMOVIL,PARTICULAR
2021-04-23,14.0,Solo daños,Choque,,,224.0,C02,TRÁNSITO,AUTOMOVIL,PARTICULAR
2021-04-24,5.0,Solo daños,Choque,,,170.0,C29,TRÁNSITO,AUTOMOVIL,PARTICULAR
2021-04-25,1.0,Con heridos,Volcamiento,,,222.0,C29,TRÁNSITO,AUTOMOVIL,PARTICULAR
2021-04-26,18.0,Solo daños,Choque,,,207.0,C02,TRÁNSITO,AUTOMOVIL,PARTICULAR
2021-04-27,14.0,Solo daños,Choque,,,188.0,C02,TRÁNSITO,AUTOMOVIL,PARTICULAR
2021-04-28,11.0,Solo daños,Choque,,,83.0,C29,TRÁNSITO,AUTOMOVIL,PARTICULAR
2021-04-29,8.0,Solo daños,Choque,,,169.0,C02,TRÁNSITO,AUTOMOVIL,PARTICULAR
2021-04-30,17.0,Solo daños,Choque,,,189.0,C02,TRÁNSITO,AUTOMOVIL,PARTICULAR
2021-05-01,6.0,Con heridos,Choque,,,214.0,C29,TRÁNSITO,AUTOMOVIL,PARTICULAR
2021-05-02,3.0,Solo daños,Choque,,,193.0,C29,TRÁNSITO,AUTOMOVIL,PARTICULAR
2021-05-03,10.0,Solo daños,Choque,,,103.0,C29,TRÁNSITO,AUTOMOVIL,PARTICULAR
2021-05-04,10.0,Con heridos,Choque,,,64.0,C29,TRÁNSITO,AUTOMOVIL,PARTICULAR
2021-05-05,7.0,Solo daños,Choque,,,100.0,C29,TRÁNSITO,AUTOMOVIL,PARTICULAR
2021-05-06,12.0,Solo daños,Choque,,,112.0,C29,TRÁNSITO,AUTOMOVIL,PARTICULAR
2021-05-07,9.0,Solo daños,Choque,,,89.0,C29,TRÁNSITO,AUTOMOVIL,PARTICULAR
2021-05-08,6.0,Con heridos,Choque,,,87.0,C29,TRÁNSITO,AUTOMOVIL,PARTICULAR
2021-05-09,5.0,Con heridos,Choque,,,139.0,C29,TRÁNSITO,AUTOMOVIL,PARTICULAR
2021-05-10,16.0,Solo daños,Choque,,,148.0,C02,TRÁNSITO,AUTOMOVIL,PARTICULAR
2021-05-11,12.0,Solo daños,Choque,,,114.0,C02,TRÁNSITO,AUTOMOVIL,PARTICULAR
2021-05-12,6.0,Solo daños,Choque,,,80.0,C29,TRÁNSITO,AUTOMOVIL,PARTICULAR
2021-05-13,12.0,Con heridos,Choque,,,134.0,C02,TRÁNSITO,AUTOMOVIL,PARTICULAR
2021-05-14,10.0,Solo daños,Choque,,,131.0,C02,TRÁNSITO,AUTOMOVIL,PARTICULAR
2021-05-15,13.0,Con heridos,Choque,,,121.0,C02,TRÁNSITO,AUTOMOVIL,PARTICULAR
2021-05-16,5.0,Solo daños,Choque,,,128.0,C29,TRÁNSITO,AUTOMOVIL,PARTICULAR
2021-05-17,4.0,Con heridos,Choque,,,120.0,C29,TRÁNSITO,AUTOMOVIL,PARTICULAR
2021-05-18,14.0,Solo daños,Choque,,,128.0,C02,TRÁNSITO,AUTOMOVIL,PARTICULAR
2021-05-19,7.0,Solo daños,Choque,,,149.0,C02,TRÁNSITO,AUTOMOVIL,PARTICULAR
2021-05-20,8.0,Solo daños,Choque,,,141.0,C02,TRÁNSITO,AUTOMOVIL,PARTICULAR
2021-05-21,12.0,Con heridos,Choque,,,155.0,C02,TRÁNSITO,AUTOMOVIL,PARTICULAR
2021-05-22,10.0,Solo daños,Choque,,,138.0,C02,TRÁNSITO,AUTOMOVIL,PARTICULAR
2021-05-23,16.0,Solo daños,Choque,,,135.0,C29,TRÁNSITO,AUTOMOVIL,PARTICULAR
2021-05-24,12.0,Con heridos,Choque,,,141.0,C02,TRÁNSITO,AUTOMOVIL,PARTICULAR
2021-05-25,15.0,Solo daños,Choque,,,118.0,C02,TRÁNSITO,AUTOMOVIL,PARTICULAR
2021-05-26,15.0,Solo daños,Choque,,,126.0,C02,TRÁNSITO,AUTOMOVIL,PARTICULAR
2021-05-27,21.0,Solo daños,Choque,,,153.0,C02,TRÁNSITO,AUTOMOVIL,PARTICULAR
2021-05-28,10.0,Solo daños,Choque,,,131.0,C02,TRÁNSITO,AUTOMOVIL,PARTICULAR
2021-05-29,9.0,Solo daños,Choque,,,113.0,C02,TRÁNSITO,AUTOMOVIL,PARTICULAR
2021-05-30,9.0,Solo daños,Choque,,,130.0,C29,TRÁNSITO,AUTOMOVIL,PARTICULAR
2021-05-31,11.0,Solo daños,Choque,,,139.0,C02,TRÁNSITO,AUTOMOVIL,PARTICULAR
2021-06-01,13.0,Solo daños,Choque,,,99.0,C02,TRÁNSITO,AUTOMOVIL,PARTICULAR
2021-06-02,11.0,Solo daños,Choque,,,91.0,C02,TRÁNSITO,AUTOMOVIL,PARTICULAR
2021-06-03,14.0,Solo daños,Choque,,,116.0,C02,TRÁNSITO,AUTOMOVIL,PARTICULAR
2021-06-04,19.0,Solo daños,Choque,,,115.0,C02,TRÁNSITO,AUTOMOVIL,PARTICULAR
2021-06-05,11.0,Solo daños,Choque,,,107.0,C29,TRÁNSITO,AUTOMOVIL,PARTICULAR
2021-06-06,6.0,Con heridos,Choque,,,153.0,C29,TRÁNSITO,AUTOMOVIL,PARTICULAR
2021-06-07,10.0,Solo daños,Choque,,,85.0,C29,TRÁNSITO,AUTOMOVIL,PARTICULAR
2021-06-08,11.0,Solo daños,Choque,,,61.0,C29,TRÁNSITO,AUTOMOVIL,PARTICULAR
2021-06-09,17.0,Solo daños,Choque,,,35.0,C29,TRÁNSITO,AUTOMOVIL,PARTICULAR
2021-06-10,17.0,Solo daños,Choque,,,102.0,C02,TRÁNSITO,AUTOMOVIL,PARTICULAR
2021-06-11,10.0,Solo daños,Choque,,,99.0,C29,TRÁNSITO,AUTOMOVIL,PARTICULAR
2021-06-12,7.0,Solo daños,Choque,,,103.0,C29,TRÁNSITO,AUTOMOVIL,PARTICULAR
2021-06-13,10.0,Con heridos,Choque,,,148.0,C29,TRÁNSITO,AUTOMOVIL,PARTICULAR
2021-06-14,11.0,Con heridos,Choque,,,134.0,C29,TRÁNSITO,AUTOMOVIL,PARTICULAR
2021-06-15,15.0,Solo daños,Choque,,,99.0,C29,TRÁNSITO,AUTOMOVIL,PARTICULAR
2021-06-16,10.0,Con heridos,Choque,,,116.0,C02,TRÁNSITO,AUTOMOVIL,PARTICULAR
2021-06-17,11.0,Solo daños,Choque,,,111.0,C02,TRÁNSITO,AUTOMOVIL,PARTICULAR
2021-06-18,12.0,Con heridos,Choque,,,103.0,C02,TRÁNSITO,AUTOMOVIL,PARTICULAR
2021-06-19,21.0,Solo daños,Choque,,,137.0,C29,TRÁNSITO,AUTOMOVIL,PARTICULAR
2021-06-20,12.0,Solo daños,Choque,,,141.0,C29,TRÁNSITO,AUTOMOVIL,PARTICULAR
2021-06-21,15.0,Solo daños,Choque,,,80.0,C02,TRÁNSITO,AUTOMOVIL,PARTICULAR
2021-06-22,11.0,Solo daños,Choque,,,66.0,C02,TRÁNSITO,AUTOMOVIL,PARTICULAR
2021-06-23,12.0,Solo daños,Choque,,,93.0,C29,TRÁNSITO,AUTOMOVIL,PARTICULAR
2021-06-24,12.0,Solo daños,Choque,,,80.0,C29,TRÁNSITO,AUTOMOVIL,PARTICULAR
2021-06-25,10.0,Solo daños,Choque,,,106.0,C02,TRÁNSITO,AUTOMOVIL,PARTICULAR
2021-06-26,14.0,Solo daños,Choque,,,119.0,C29,TRÁNSITO,AUTOMOVIL,PARTICULAR
2021-06-27,11.0,Con heridos,Choque,,,149.0,C29,TRÁNSITO,AUTOMOVIL,PARTICULAR
2021-06-28,6.0,Solo daños,Choque,,,111.0,C29,TRÁNSITO,AUTOMOVIL,PARTICULAR
2021-06-29,12.0,Solo daños,Choque,,,108.0,C02,TRÁNSITO,AUTOMOVIL,PARTICULAR
2021-06-30,20.0,Solo daños,Choque,,,109.0,C02,TRÁNSITO,AUTOMOVIL,PARTICULAR
2021-07-01,10.0,Solo daños,Choque,,,96.0,C29,TRÁNSITO,AUTOMOVIL,PARTICULAR
2021-07-02,15.0,Solo daños,Choque,,,160.0,C02,TRÁNSITO,AUTOMOVIL,PARTICULAR
2021-07-03,8.0,Solo daños,Choque,,,142.0,C29,TRÁNSITO,AUTOMOVIL,PARTICULAR
2021-07-04,10.0,Con heridos,Choque,,,153.0,C29,TRÁNSITO,AUTOMOVIL,PARTICULAR
2021-07-05,9.0,Solo daños,Choque,,,157.0,C29,TRÁNSITO,AUTOMOVIL,PARTICULAR
2021-07-06,16.0,Solo daños,Choque,,,156.0,C02,TRÁNSITO,AUTOMOVIL,PARTICULAR
2021-07-07,8.0,Solo daños,Choque,,,176.0,C02,TRÁNSITO,AUTOMOVIL,PARTICULAR
2021-07-08,11.0,Solo daños,Choque,,,167.0,C02,TRÁNSITO,AUTOMOVIL,PARTICULAR
2021-07-09,15.0,Solo daños,Choque,,,176.0,C02,TRÁNSITO,AUTOMOVIL,PARTICULAR
2021-07-10,11.0,Solo daños,Choque,,,178.0,C02,TRÁNSITO,AUTOMOVIL,PARTICULAR
2021-07-11,6.0,Con heridos,Choque,,,162.0,C29,TRÁNSITO,AUTOMOVIL,PARTICULAR
2021-07-12,18.0,Solo daños,Choque,,,158.0,C02,TRÁNSITO,AUTOMOVIL,PARTICULAR
2021-07-13,15.0,Solo daños,Choque,,,152.0,C02,TRÁNSITO,AUTOMOVIL,PARTICULAR
2021-07-14,10.0,Con heridos,Choque,,,156.0,C02,TRÁNSITO,AUTOMOVIL,PARTICULAR
2021-07-15,14.0,Solo daños,Choque,,,198.0,C02,TRÁNSITO,AUTOMOVIL,PARTICULAR
2021-07-16,21.0,Solo daños,Choque,,,189.0,C02,TRÁNSITO,AUTOMOVIL,PARTICULAR
2021-07-17,16.0,Solo daños,Choque,,,190.0,C02,TRÁNSITO,AUTOMOVIL,PARTICULAR
2021-07-18,9.0,Solo daños,Choque,,,172.0,C29,TRÁNSITO,AUTOMOVIL,PARTICULAR
2021-07-19,19.0,Solo daños,Choque,,,151.0,C02,TRÁNSITO,AUTOMOVIL,PARTICULAR
2021-07-20,6.0,Con heridos,Choque,,,162.0,C29,TRÁNSITO,AUTOMOVIL,PARTICULAR
2021-07-21,18.0,Solo daños,Choque,,,142.0,C02,TRÁNSITO,AUTOMOVIL,PARTICULAR
2021-07-22,7.0,Con heridos,Choque,,,123.0,C02,TRÁNSITO,AUTOMOVIL,PARTICULAR
2021-07-23,16.0,Solo daños,Choque,,,145.0,C02,TRÁNSITO,AUTOMOVIL,PARTICULAR
2021-07-24,15.0,Solo daños,Choque,,,174.0,C02,TRÁNSITO,AUTOMOVIL,PARTICULAR
2021-07-25,13.0,Con heridos,Choque,,,170.0,C29,TRÁNSITO,AUTOMOVIL,PARTICULAR
2021-07-26,13.0,Solo daños,Choque,,,151.0,C02,TRÁNSITO,AUTOMOVIL,PARTICULAR
2021-07-27,15.0,Solo daños,Choque,,,111.0,C29,TRÁNSITO,AUTOMOVIL,PARTICULAR
2021-07-28,18.0,Solo daños,Choque,,,146.0,C02,TRÁNSITO,AUTOMOVIL,PARTICULAR
2021-07-29,14.0,Solo daños,Choque,,,131.0,C02,TRÁNSITO,AUTOMOVIL,PARTICULAR
2021-07-30,18.0,Solo daños,Choque,,,122.0,C02,TRÁNSITO,AUTOMOVIL,PARTICULAR
2021-07-31,19.0,Solo daños,Choque,,,173.0,C29,TRÁNSITO,AUTOMOVIL,PARTICULAR
2021-08-01,16.0,Con heridos,Choque,,,175.0,C29,TRÁNSITO,AUTOMOVIL,PARTICULAR
2021-08-02,13.0,Solo daños,Choque,,,142.0,C02,TRÁNSITO,AUTOMOVIL,PARTICULAR
2021-08-03,18.0,Solo daños,Choque,,,160.0,C02,TRÁNSITO,AUTOMOVIL,PARTICULAR
2021-08-04,12.0,Solo daños,Choque,,,176.0,C29,TRÁNSITO,AUTOMOVIL,PARTICULAR
2021-08-05,13.0,Solo daños,Choque,,,162.0,C29,TRÁNSITO,AUTOMOVIL,PARTICULAR
2021-08-06,22.0,Con heridos,Choque,,,148.0,C02,TRÁNSITO,AUTOMOVIL,PARTICULAR
2021-08-07,8.0,Solo daños,Choque,,,151.0,C29,TRÁNSITO,AUTOMOVIL,PARTICULAR
2021-08-08,16.0,Solo daños,Choque,,,240.0,C29,TRÁNSITO,AUTOMOVIL,PARTICULAR
2021-08-09,14.0,Con heridos,Choque,,,183.0,C02,TRÁNSITO,AUTOMOVIL,PARTICULAR
2021-08-10,12.0,Solo daños,Choque,,,146.0,C02,TRÁNSITO,AUTOMOVIL,PARTICULAR
2021-08-11,18.0,Solo daños,Choque,,,117.0,C29,TRÁNSITO,AUTOMOVIL,PARTICULAR
2021-08-12,20.0,Solo daños,Choque,,,163.0,C02,TRÁNSITO,AUTOMOVIL,PARTICULAR
2021-08-13,13.0,Solo daños,Choque,,,118.0,C02,TRÁNSITO,AUTOMOVIL,PARTICULAR
2021-08-14,19.0,Solo daños,Choque,,,162.0,C29,TRÁNSITO,AUTOMOVIL,PARTICULAR
2021-08-15,12.0,Con heridos,Choque,,,194.0,C29,TRÁNSITO,AUTOMOVIL,PARTICULAR
2021-08-16,10.0,Solo daños,Choque,,,163.0,C29,TRÁNSITO,AUTOMOVIL,PARTICULAR
2021-08-17,17.0,Solo daños,Choque,,,128.0,C02,TRÁNSITO,AUTOMOVIL,PARTICULAR
2021-08-18,17.0,Solo daños,Choque,,,96.0,C02,TRÁNSITO,AUTOMOVIL,PARTICULAR
2021-08-19,12.0,Solo daños,Choque,,,57.0,C02,TRÁNSITO,AUTOMOVIL,PARTICULAR
2021-08-20,16.0,Solo daños,Choque,,,68.0,C29,TRÁNSITO,AUTOMOVIL,PARTICULAR
2021-08-21,18.0,Solo daños,Choque,,,123.0,C29,TRÁNSITO,AUTOMOVIL,PARTICULAR
2021-08-22,7.0,Con heridos,Choque,,,128.0,C29,TRÁNSITO,AUTOMOVIL,PARTICULAR
2021-08-23,18.0,Solo daños,Choque,,,108.0,C29,TRÁNSITO,AUTOMOVIL,PARTICULAR
2021-08-24,15.0,Solo daños,Choque,,,85.0,C29,TRÁNSITO,AUTOMOVIL,PARTICULAR
2021-08-25,13.0,Solo daños,Choque,,,96.0,C02,TRÁNSITO,AUTOMOVIL,PARTICULAR
2021-08-26,14.0,Solo daños,Choque,,,120.0,C29,TRÁNSITO,AUTOMOVIL,PARTICULAR
2021-08-27,16.0,Solo daños,Choque,,,116.0,C02,TRÁNSITO,AUTOMOVIL,PARTICULAR
2021-08-28,16.0,Solo daños,Choque,,,143.0,C29,TRÁNSITO,AUTOMOVIL,PARTICULAR
2021-08-29,15.0,Solo daños,Choque,,,145.0,C29,TRÁNSITO,AUTOMOVIL,PARTICULAR
2021-08-30,17.0,Solo daños,Choque,,,92.0,C02,TRÁNSITO,AUTOMOVIL,PARTICULAR
2021-08-31,11.0,Solo daños,Choque,,,112.0,C02,TRÁNSITO,AUTOMOVIL,PARTICULAR
2021-09-01,15.0,Solo daños,Choque,,,124.0,C02,TRÁNSITO,AUTOMOVIL,PARTICULAR
2021-09-02,12.0,Solo daños,Choque,,,141.0,C02,TRÁNSITO,AUTOMOVIL,PARTICULAR
2021-09-03,14.0,Solo daños,Choque,,,160.0,C02,TRÁNSITO,AUTOMOVIL,PARTICULAR
2021-09-04,16.0,Solo daños,Choque,,,178.0,C02,TRÁNSITO,AUTOMOVIL,PARTICULAR
2021-09-05,6.0,Solo daños,Choque,,,154.0,C29,TRÁNSITO,AUTOMOVIL,PARTICULAR
2021-09-06,13.0,Solo daños,Choque,,,126.0,C02,TRÁNSITO,AUTOMOVIL,PARTICULAR
2021-09-07,24.0,Solo daños,Choque,,,146.0,C02,TRÁNSITO,AUTOMOVIL,PARTICULAR
2021-09-08,11.0,Solo daños,Choque,,,152.0,C02,TRÁNSITO,AUTOMOVIL,PARTICULAR
2021-09-09,16.0,Solo daños,Choque,,,149.0,C29,TRÁNSITO,AUTOMOVIL,PARTICULAR
2021-09-10,14.0,Solo daños,Choque,,,150.0,C02,TRÁNSITO,AUTOMOVIL,PARTICULAR
2021-09-11,13.0,Solo daños,Choque,,,146.0,C02,TRÁNSITO,AUTOMOVIL,PARTICULAR
2021-09-12,6.0,Solo daños,Choque,,,117.0,C29,TRÁNSITO,AUTOMOVIL,PARTICULAR
2021-09-13,17.0,Solo daños,Choque,,,112.0,C02,TRÁNSITO,AUTOMOVIL,PARTICULAR
2021-09-14,9.0,Solo daños,Choque,,,119.0,C02,TRÁNSITO,AUTOMOVIL,PARTICULAR
2021-09-15,17.0,Solo daños,Choque,,,140.0,C02,TRÁNSITO,AUTOMOVIL,PARTICULAR
2021-09-16,5.0,Solo daños,Choque,,,158.0,C02,TRÁNSITO,AUTOMOVIL,PARTICULAR
2021-09-17,17.0,Solo daños,Choque,,,162.0,C02,TRÁNSITO,AUTOMOVIL,PARTICULAR
2021-09-18,21.0,Solo daños,Choque,,,183.0,C02,TRÁNSITO,AUTOMOVIL,PARTICULAR
2021-09-19,12.0,Con heridos,Choque,,,165.0,C29,TRÁNSITO,AUTOMOVIL,PARTICULAR
2021-09-20,11.0,Solo daños,Choque,,,219.0,C02,TRÁNSITO,AUTOMOVIL,PARTICULAR
2021-09-21,16.0,Solo daños,Choque,,,163.0,C02,TRÁNSITO,AUTOMOVIL,PARTICULAR
2021-09-22,17.0,Solo daños,Choque,,,125.0,C02,TRÁNSITO,AUTOMOVIL,PARTICULAR
2021-09-23,12.0,Solo daños,Choque,,,131.0,C02,TRÁNSITO,AUTOMOVIL,PARTICULAR
2021-09-24,13.0,Solo daños,Choque,,,131.0,C29,TRÁNSITO,AUTOMOVIL,PARTICULAR
2021-09-25,10.0,Con heridos,Choque,,,123.0,C29,TRÁNSITO,AUTOMOVIL,PARTICULAR
2021-09-26,14.0,Con heridos,Choque,,,141.0,C29,TRÁNSITO,AUTOMOVIL,PARTICULAR
2021-09-27,8.0,Solo daños,Choque,,,93.0,C02,TRÁNSITO,AUTOMOVIL,PARTICULAR
2021-09-28,17.0,Solo daños,Choque,,,94.0,C02,TRÁNSITO,AUTOMOVIL,PARTICULAR
2021-09-29,16.0,Solo daños,Choque,,,126.0,C02,TRÁNSITO,AUTOMOVIL,PARTICULAR
2021-09-30,12.0,Con heridos,Choque,,,113.0,C02,TRÁNSITO,AUTOMOVIL,PARTICULAR
2021-10-01,11.0,Solo daños,Choque,,,135.0,C02,TRÁNSITO,AUTOMOVIL,PARTICULAR
2021-10-02,20.0,Solo daños,Choque,,,107.0,C02,TRÁNSITO,AUTOMOVIL,PARTICULAR
2021-10-03,7.0,Con heridos,Choque,,,70.0,C29,TRÁNSITO,AUTOMOVIL,PARTICULAR
2021-10-04,18.0,Solo daños,Choque,,,99.0,C02,TRÁNSITO,AUTOMOVIL,PARTICULAR
2021-10-05,24.0,Solo daños,Choque,,,90.0,C02,TRÁNSITO,AUTOMOVIL,PARTICULAR
2021-10-06,8.0,Solo daños,Choque,,,116.0,C02,TRÁNSITO,AUTOMOVIL,PARTICULAR
2021-10-07,12.0,Solo daños,Choque,,,119.0,C02,TRÁNSITO,AUTOMOVIL,PARTICULAR
2021-10-08,17.0,Solo daños,Choque,,,146.0,C02,TRÁNSITO,AUTOMOVIL,PARTICULAR
2021-10-09,11.0,Solo daños,Choque,,,152.0,C02,TRÁNSITO,AUTOMOVIL,PARTICULAR
2021-10-10,14.0,Solo daños,Choque,,,204.0,C29,TRÁNSITO,AUTOMOVIL,PARTICULAR
2021-10-11,11.0,Solo daños,Choque,,,179.0,C02,TRÁNSITO,AUTOMOVIL,PARTICULAR
2021-10-12,12.0,Solo daños,Choque,,,138.0,C02,TRÁNSITO,AUTOMOVIL,PARTICULAR
2021-10-13,9.0,Solo daños,Choque,,,147.0,C02,TRÁNSITO,AUTOMOVIL,PARTICULAR
2021-10-14,15.0,Solo daños,Choque,,,182.0,C29,TRÁNSITO,AUTOMOVIL,PARTICULAR
2021-10-15,15.0,Solo daños,Choque,,,145.0,C02,TRÁNSITO,AUTOMOVIL,PARTICULAR
2021-10-16,20.0,Solo daños,Choque,,,175.0,C02,TRÁNSITO,AUTOMOVIL,PARTICULAR
2021-10-17,16.0,Solo daños,Choque,,,127.0,C29,TRÁNSITO,AUTOMOVIL,PARTICULAR
2021-10-18,9.0,Solo daños,Choque,,,148.0,C29,TRÁNSITO,AUTOMOVIL,PARTICULAR
2021-10-19,16.0,Solo daños,Choque,,,103.0,C02,TRÁNSITO,AUTOMOVIL,PARTICULAR