FECHA,ACCIDENTES,GRAVEDAD_ACCIDENTE,CLASE_ACCIDENTE,PRECIPITACION_MM,LLUVIA,COMPARENDOS,COD_INFRACCION,TIPO_INFRACCION,CLASE_VEHICULO_INFRACTOR,SERVICIO_VEHICULO_INFRACTOR
2022-06-15,14.0,Solo daños,Choque,,,255.0,C02,TRÁNSITO,AUTOMOVIL,PARTICULAR
2022-06-16,18.0,Solo daños,Choque,,,260.0,C02,TRÁNSITO,AUTOMOVIL,PARTICULAR
2022-06-17,14.0,Solo daños,Choque,,,281.0,C02,TRÁNSITO,AUTOMOVIL,PARTICULAR
2022-06-18,14.0,Solo daños,Choque,,,248.0,C29,TRÁNSITO,AUTOMOVIL,PARTICULAR
2022-06-19,12.0,Solo daños,Choque,,,335.0,C29,TRÁNSITO,AUTOMOVIL,PARTICULAR
2022-06-20,8.0,Solo daños,Choque,,,233.0,C29,TRÁNSITO,AUTOMOVIL,PARTICULAR
2022-06-21,15.0,Solo daños,Choque,,,312.0,C02,TRÁNSITO,AUTOMOVIL,PARTICULAR
2022-06-22,12.0,Solo daños,Choque,,,332.0,C02,TRÁNSITO,AUTOMOVIL,PARTICULAR
2022-06-23,19.0,Solo daños,Choque,,,335.0,C02,TRÁNSITO,AUTOMOVIL,PARTICULAR
2022-06-24,19.0,Solo daños,Choque,,,325.0,C02,TRÁNSITO,AUTOMOVIL,PARTICULAR
2022-06-25,14.0,Con heridos,Choque,,,267.0,C02,TRÁNSITO,AUTOMOVIL,PARTICULAR
2022-06-26,13.0,Solo daños,Choque,,,195.0,C29,TRÁNSITO,AUTOMOVIL,PARTICULAR
2022-06-27,4.0,Con heridos,Choque,,,181.0,C29,TRÁNSITO,AUTOMOVIL,PARTICULAR
2022-06-28,19.0,Solo daños,Choque,,,326.0,C02,TRÁNSITO,AUTOMOVIL,PARTICULAR
2022-06-29,21.0,Solo daños,Choque,,,240.0,C02,TRÁNSITO,AUTOMOVIL,PARTICULAR
2022-06-30,17.0,Solo daños,Choque,,,238.0,C02,TRÁNSITO,AUTOMOVIL,PARTICULAR
2022-07-01,12.0,Solo daños,Choque,,,345.0,C02,TRÁNSITO,AUTOMOVIL,PARTICULAR
2022-07-02,7.0,Solo daños,Choque,,,244.0,C02,TRÁNSITO,AUTOMOVIL,PARTICULAR
2022-07-03,8.0,Con heridos,Choque,,,203.0,C29,TRÁNSITO,AUTOMOVIL,PARTICULAR
2022-07-04,5.0,Solo daños,Choque,,,160.0,C29,TRÁNSITO,AUTOMOVIL,PARTICULAR
2022-07-05,8.0,Solo daños,Choque,,,347.0,C02,TRÁNSITO,AUTOMOVIL,PARTICULAR
2022-07-06,15.0,Solo daños,Choque,,,290.0,C02,TRÁNSITO,AUTOMOVIL,PARTICULAR
2022-07-07,15.0,Solo daños,Choque,,,334.0,C02,TRÁNSITO,AUTOMOVIL,PARTICULAR
2022-07-08,14.0,Solo daños,Choque,,,285.0,C02,TRÁNSITO,AUTOMOVIL,PARTICULAR
2022-07-09,16.0,Solo daños,Choque,,,242.0,C02,TRÁNSITO,AUTOMOVIL,PARTICULAR
2022-07-10,10.0,Solo daños,Choque,,,193.0,C29,TRÁNSITO,AUTOMOVIL,PARTICULAR
2022-07-11,12.0,Solo daños,Choque,,,243.0,C02,TRÁNSITO,AUTOMOVIL,PARTICULAR
2022-07-12,18.0,Solo daños,Choque,,,276.0,C02,TRÁNSITO,AUTOMOVIL,PARTICULAR
2022-07-13,11.0,Con heridos,Choque,,,232.0,C02,TRÁNSITO,AUTOMOVIL,PARTICULAR
2022-07-14,17.0,Solo daños,Choque,,,236.0,C02,TRÁNSITO,AUTOMOVIL,PARTICULAR
2022-07-15,19.0,Solo daños,Choque,,,301.0,C02,TRÁNSITO,AUTOMOVIL,PARTICULAR
2022-07-16,15.0,Solo daños,Choque,,,210.0,C29,TRÁNSITO,AUTOMOVIL,PARTICULAR
2022-07-17,13.0,Solo daños,Choque,,,202.0,C29,TRÁNSITO,AUTOMOVIL,PARTICULAR
2022-07-18,13.0,Solo daños,Choque,,,234.0,C02,TRÁNSITO,AUTOMOVIL,PARTICULAR
2022-07-19,13.0,Con heridos,Choque,,,259.0,C02,TRÁNSITO,AUTOMOVIL,PARTICULAR
2022-07-20,5.0,Con heridos,Choque,,,151.0,C29,TRÁNSITO,AUTOMOVIL,PARTICULAR
2022-07-21,3.0,Con heridos,Choque,,,272.0,C02,TRÁNSITO,AUTOMOVIL,PARTICULAR
2022-07-22,10.0,Con heridos,Choque,,,237.0,C02,TRÁNSITO,AUTOMOVIL,PARTICULAR
2022-07-23,7.0,Con heridos,Choque,,,240.0,C02,TRÁNSITO,AUTOMOVIL,PARTICULAR
2022-07-24,6.0,Con heridos,Choque,,,202.0,C29,TRÁNSITO,AUTOMOVIL,PARTICULAR
2022-07-25,4.0,Con heridos,Choque,,,256.0,C02,TRÁNSITO,AUTOMOVIL,PARTICULAR
2022-07-26,5.0,Con heridos,Choque,,,296.0,C02,TRÁNSITO,AUTOMOVIL,PARTICULAR
2022-07-27,5.0,Con heridos,Choque,,,223.0,C02,TRÁNSITO,AUTOMOVIL,PARTICULAR
2022-07-28,3.0,Con heridos,Choque,,,256.0,C02,TRÁNSITO,AUTOMOVIL,PARTICULAR
2022-07-29,12.0,Con heridos,Choque,,,242.0,C02,TRÁNSITO,AUTOMOVIL,PARTICULAR
2022-07-30,9.0,Con heridos,Choque,,,215.0,C29,TRÁNSITO,AUTOMOVIL,PARTICULAR
2022-07-31,5.0,Con heridos,Choque,,,233.0,C29,TRÁNSITO,AUTOMOVIL,PARTICULAR
2022-08-01,5.0,Con heridos,Choque,,,234.0,C29,TRÁNSITO,AUTOMOVIL,PARTICULAR
2022-08-02,6.0,Con heridos,Choque,,,194.0,C02,TRÁNSITO,AUTOMOVIL,PARTICULAR
2022-08-03,3.0,Con heridos,Choque,,,211.0,C02,TRÁNSITO,AUTOMOVIL,PARTICULAR
2022-08-04,1.0,Con heridos,Choque,,,281.0,C02,TRÁNSITO,AUTOMOVIL,PARTICULAR
2022-08-05,1.0,Con heridos,Choque,,,215.0,C02,TRÁNSITO,AUTOMOVIL,PARTICULAR
2022-08-06,6.0,Con heridos,Choque,,,239.0,C02,TRÁNSITO,AUTOMOVIL,PARTICULAR
2022-08-07,11.0,Con heridos,Choque,,,147.0,C29,TRÁNSITO,AUTOMOVIL,PARTICULAR
2022-08-08,9.0,Con heridos,Choque,,,202.0,C02,TRÁNSITO,AUTOMOVIL,PARTICULAR
2022-08-09,5.0,Con heridos,Choque,,,181.0,C02,TRÁNSITO,AUTOMOVIL,PARTICULAR
2022-08-10,6.0,Con heridos,Choque,,,192.0,C02,TRÁNSITO,AUTOMOVIL,PARTICULAR
2022-08-11,2.0,Con heridos,Choque,,,173.0,C02,TRÁNSITO,AUTOMOVIL,PARTICULAR
2022-08-12,5.0,Con heridos,Choque,,,226.0,C02,TRÁNSITO,AUTOMOVIL,PARTICULAR
2022-08-13,5.0,Con heridos,Choque,,,146.0,C02,TRÁNSITO,AUTOMOVIL,PARTICULAR
2022-08-14,7.0,Con heridos,Choque,,,138.0,C29,TRÁNSITO,AUTOMOVIL,PARTICULAR
2022-08-15,7.0,Con heridos,Choque,,,108.0,C29,TRÁNSITO,AUTOMOVIL,PARTICULAR
2022-08-16,5.0,Con heridos,Choque,,,249.0,C02,TRÁNSITO,AUTOMOVIL,PARTICULAR
2022-08-17,8.0,Con heridos,Choque,,,226.0,C02,TRÁNSITO,AUTOMOVIL,PARTICULAR
2022-08-18,10.0,Con heridos,Choque,,,237.0,C02,TRÁNSITO,AUTOMOVIL,PARTICULAR
2022-08-19,5.0,Con heridos,Choque,,,221.0,C02,TRÁNSITO,AUTOMOVIL,PARTICULAR
2022-08-20,3.0,Con heridos,Choque,,,205.0,C02,TRÁNSITO,AUTOMOVIL,PARTICULAR
2022-08-21,3.0,Con heridos,Choque,,,141.0,C29,TRÁNSITO,AUTOMOVIL,PARTICULAR
2022-08-22,4.0,Con heridos,Choque,,,193.0,C02,TRÁNSITO,AUTOMOVIL,PARTICULAR
2022-08-23,6.0,Con heridos,Choque,,,177.0,C02,TRÁNSITO,AUTOMOVIL,PARTICULAR
2022-08-24,2.0,Con heridos,Choque,,,207.0,C02,TRÁNSITO,AUTOMOVIL,PARTICULAR
2022-08-25,6.0,Con heridos,Choque,,,199.0,C02,TRÁNSITO,AUTOMOVIL,PARTICULAR
2022-08-26,7.0,Con heridos,Choque,,,205.0,C02,TRÁNSITO,AUTOMOVIL,PARTICULAR
2022-08-27,5.0,Con heridos,Choque,,,194.0,C02,TRÁNSITO,AUTOMOVIL,PARTICULAR
2022-08-28,4.0,Con heridos,Choque,,,162.0,C29,TRÁNSITO,AUTOMOVIL,PARTICULAR
2022-08-29,5.0,Con heridos,Choque,,,197.0,C02,TRÁNSITO,AUTOMOVIL,PARTICULAR
2022-08-30,7.0,Con heridos,Choque,,,206.0,C02,TRÁNSITO,AUTOMOVIL,PARTICULAR
2022-08-31,4.0,Con heridos,Choque,,,222.0,C02,TRÁNSITO,AUTOMOVIL,PARTICULAR
2022-09-01,6.0,Con heridos,Choque,,,188.0,C29,TRÁNSITO,AUTOMOVIL,PARTICULAR
2022-09-02,4.0,Con heridos,Choque,,,209.0,C02,TRÁNSITO,AUTOMOVIL,PARTICULAR
2022-09-03,6.0,Con heridos,Choque,,,168.0,C02,TRÁNSITO,AUTOMOVIL,PARTICULAR
2022-09-04,3.0,Con heridos,Atropello,,,202.0,C29,TRÁNSITO,AUTOMOVIL,PARTICULAR
2022-09-05,3.0,Con heridos,Choque,,,194.0,C29,TRÁNSITO,AUTOMOVIL,PARTICULAR
2022-09-06,8.0,Con heridos,Choque,,,171.0,C02,TRÁNSITO,AUTOMOVIL,PARTICULAR
2022-09-07,2.0,Con heridos,Choque,,,197.0,C02,TRÁNSITO,AUTOMOVIL,PARTICULAR
2022-09-08,4.0,Con heridos,Choque,,,213.0,C02,TRÁNSITO,AUTOMOVIL,PARTICULAR
2022-09-09,5.0,Con heridos,Choque,,,234.0,C02,TRÁNSITO,AUTOMOVIL,PARTICULAR
2022-09-10,6.0,Con heridos,Choque,,,206.0,C29,TRÁNSITO,AUTOMOVIL,PARTICULAR
2022-09-11,3.0,Con heridos,Choque,,,182.0,C29,TRÁNSITO,AUTOMOVIL,PARTICULAR
2022-09-12,2.0,Con heridos,Choque,,,226.0,C02,TRÁNSITO,AUTOMOVIL,PARTICULAR
2022-09-13,4.0,Con heridos,Choque,,,180.0,C02,TRÁNSITO,AUTOMOVIL,PARTICULAR
2022-09-14,7.0,Con heridos,Choque,,,201.0,C29,TRÁNSITO,AUTOMOVIL,PARTICULAR
2022-09-15,10.0,Con heridos,Choque,,,221.0,C02,TRÁNSITO,AUTOMOVIL,PARTICULAR
2022-09-16,4.0,Con heridos,Choque,,,230.0,C29,TRÁNSITO,AUTOMOVIL,PARTICULAR
2022-09-17,5.0,Con heridos,Choque,,,245.0,C29,TRÁNSITO,AUTOMOVIL,PARTICULAR
2022-09-18,4.0,Con heridos,Choque,,,230.0,C29,TRÁNSITO,AUTOMOVIL,PARTICULAR
2022-09-19,5.0,Con heridos,Choque,,,238.0,C29,TRÁNSITO,AUTOMOVIL,PARTICULAR
2022-09-20,1.0,Con heridos,Atropello,,,276.0,C29,TRÁNSITO,AUTOMOVIL,PARTICULAR
2022-09-21,5.0,Con heridos,Choque,,,266.0,C02,TRÁNSITO,AUTOMOVIL,PARTICULAR
2022-09-22,5.0,Con heridos,Atropello,,,272.0,C02,TRÁNSITO,AUTOMOVIL,PARTICULAR
2022-09-23,2.0,Con heridos,Choque,,,283.0,C02,TRÁNSITO,AUTOMOVIL,PARTICULAR
2022-09-24,4.0,Con heridos,Choque,,,246.0,C29,TRÁNSITO,AUTOMOVIL,PARTICULAR
2022-09-25,5.0,Con heridos,Choque,,,188.0,C29,TRÁNSITO,AUTOMOVIL,PARTICULAR
2022-09-26,11.0,Con heridos,Choque,,,252.0,C29,TRÁNSITO,AUTOMOVIL,PARTICULAR
2022-09-27,4.0,Con heridos,Choque,,,260.0,C02,TRÁNSITO,AUTOMOVIL,PARTICULAR
2022-09-28,5.0,Con heridos,Choque,,,258.0,C02,TRÁNSITO,AUTOMOVIL,PARTICULAR
2022-09-29,5.0,Con heridos,Choque,,,256.0,C02,TRÁNSITO,AUTOMOVIL,PARTICULAR
2022-09-30,3.0,Con heridos,Choque,,,278.0,C02,TRÁNSITO,AUTOMOVIL,PARTICULAR
2022-10-01,12.0,Con heridos,Choque,,,256.0,C29,TRÁNSITO,AUTOMOVIL,PARTICULAR
2022-10-02,8.0,Con heridos,Choque,,,195.0,C29,TRÁNSITO,AUTOMOVIL,PARTICULAR
2022-10-03,4.0,Con heridos,Choque,,,272.0,C02,TRÁNSITO,AUTOMOVIL,PARTICULAR
2022-10-04,10.0,Con heridos,Choque,,,256.0,C02,TRÁNSITO,AUTOMOVIL,PARTICULAR
2022-10-05,7.0,Con heridos,Choque,,,265.0,C02,TRÁNSITO,AUTOMOVIL,PARTICULAR
2022-10-06,3.0,Con heridos,Choque,,,285.0,C02,TRÁNSITO,AUTOMOVIL,PARTICULAR
2022-10-07,4.0,Con heridos,Choque,,,192.0,C02,TRÁNSITO,AUTOMOVIL,PARTICULAR
2022-10-08,5.0,Con heridos,Choque,,,175.0,C02,TRÁNSITO,AUTOMOVIL,PARTICULAR
2022-10-09,5.0,Con heridos,Choque,,,113.0,C29,TRÁNSITO,AUTOMOVIL,PARTICULAR
2022-10-10,10.0,Con heridos,Choque,,,183.0,C02,TRÁNSITO,AUTOMOVIL,PARTICULAR
2022-10-11,6.0,Con heridos,Choque,,,195.0,C02,TRÁNSITO,AUTOMOVIL,PARTICULAR
2022-10-12,5.0,Con heridos,Choque,,,180.0,C02,TRÁNSITO,AUTOMOVIL,PARTICULAR
2022-10-13,3.0,Con heridos,Choque,,,210.0,C02,TRÁNSITO,AUTOMOVIL,PARTICULAR
2022-10-14,7.0,Con heridos,Choque,,,225.0,C02,TRÁNSITO,AUTOMOVIL,PARTICULAR
2022-10-15,5.0,Con heridos,Choque,,,173.0,C29,TRÁNSITO,AUTOMOVIL,PARTICULAR
2022-10-16,2.0,Con heridos,Choque,,,190.0,C29,TRÁNSITO,AUTOMOVIL,PARTICULAR
2022-10-17,9.0,Con heridos,Choque,,,188.0,C29,TRÁNSITO,AUTOMOVIL,PARTICULAR
2022-10-18,4.0,Con heridos,Choque,,,227.0,C29,TRÁNSITO,AUTOMOVIL,PARTICULAR
2022-10-19,4.0,Con heridos,Choque,,,243.0,C02,TRÁNSITO,AUTOMOVIL,PARTICULAR
2022-10-20,3.0,Con heridos,Choque,,,289.0,C02,TRÁNSITO,AUTOMOVIL,PARTICULAR
2022-10-21,3.0,Con heridos,Choque,,,286.0,C02,TRÁNSITO,AUTOMOVIL,PARTICULAR
2022-10-22,8.0,Con heridos,Choque,,,204.0,C02,TRÁNSITO,AUTOMOVIL,PARTICULAR
2022-10-23,1.0,Con heridos,Choque,,,174.0,C29,TRÁNSITO,AUTOMOVIL,PARTICULAR
2022-10-24,5.0,Con heridos,Choque,,,225.0,C02,TRÁNSITO,AUTOMOVIL,PARTICULAR
2022-10-25,4.0,Con heridos,Choque,,,255.0,C02,TRÁNSITO,AUTOMOVIL,PARTICULAR
2022-10-26,9.0,Con heridos,Choque,,,278.0,C02,TRÁNSITO,AUTOMOVIL,PARTICULAR
2022-10-27,10.0,Con heridos,Choque,,,256.0,C02,TRÁNSITO,AUTOMOVIL,PARTICULAR
2022-10-28,5.0,Con heridos,Choque,,,288.0,C02,TRÁNSITO,AUTOMOVIL,PARTICULAR
2022-10-29,8.0,Con heridos,Choque,,,252.0,C02,TRÁNSITO,AUTOMOVIL,PARTICULAR
2022-10-30,5.0,Con heridos,Choque,,,160.0,C29,TRÁNSITO,AUTOMOVIL,PARTICULAR
2022-10-31,6.0,Con heridos,Atropello,,,241.0,C02,TRÁNSITO,AUTOMOVIL,PARTICULAR
2022-11-01,6.0,Con heridos,Choque,,,211.0,C02,TRÁNSITO,AUTOMOVIL,PARTICULAR
2022-11-02,5.0,Con heridos,Choque,,,286.0,C02,TRÁNSITO,AUTOMOVIL,PARTICULAR
2022-11-03,2.0,Con heridos,Choque,,,229.0,C02,TRÁNSITO,AUTOMOVIL,PARTICULAR
2022-11-04,5.0,Con heridos,Choque,,,332.0,C02,TRÁNSITO,AUTOMOVIL,PARTICULAR
2022-11-05,3.0,Con heridos,Choque,,,151.0,C29,TRÁNSITO,AUTOMOVIL,PARTICULAR
2022-11-07,5.0,Con heridos,Choque,,,125.0,C29,TRÁNSITO,AUTOMOVIL,PARTICULAR
2022-11-08,2.0,Con heridos,Choque,,,268.0,C02,TRÁNSITO,AUTOMOVIL,PARTICULAR
2022-11-09,8.0,Con heridos,Choque,,,251.0,C02,TRÁNSITO,AUTOMOVIL,PARTICULAR
2022-11-10,7.0,Con heridos,Choque,,,257.0,C02,TRÁNSITO,AUTOMOVIL,PARTICULAR
2022-11-11,5.0,Con heridos,Atropello,,,203.0,C02,TRÁNSITO,AUTOMOVIL,PARTICULAR
2022-11-12,6.0,Con heridos,Choque,,,204.0,C02,TRÁNSITO,AUTOMOVIL,PARTICULAR
2022-11-13,4.0,Con heridos,Choque,,,178.0,C29,TRÁNSITO,AUTOMOVIL,PARTICULAR
2022-11-14,8.0,Con heridos,Choque,,,198.0,C29,TRÁNSITO,AUTOMOVIL,PARTICULAR
2022-11-15,7.0,Con heridos,Choque,,,229.0,C02,TRÁNSITO,AUTOMOVIL,PARTICULAR
2022-11-16,11.0,Con heridos,Choque,,,267.0,C02,TRÁNSITO,AUTOMOVIL,PARTICULAR
2022-11-17,7.0,Con heridos,Choque,,,207.0,C02,TRÁNSITO,AUTOMOVIL,PARTICULAR
2022-11-18,3.0,Con heridos,Choque,,,246.0,C02,TRÁNSITO,AUTOMOVIL,PARTICULAR
2022-11-19,7.0,Con heridos,Choque,,,292.0,C02,TRÁNSITO,AUTOMOVIL,PARTICULAR
2022-11-20,3.0,Con heridos,Choque,,,229.0,C29,TRÁNSITO,AUTOMOVIL,PARTICULAR
2022-11-21,4.0,Con heridos,Choque,,,326.0,C02,TRÁNSITO,AUTOMOVIL,PARTICULAR
2022-11-22,3.0,Con heridos,Choque,,,237.0,C02,TRÁNSITO,AUTOMOVIL,PARTICULAR
2022-11-23,8.0,Con heridos,Choque,,,267.0,C02,TRÁNSITO,AUTOMOVIL,PARTICULAR
2022-11-24,3.0,Con heridos,Choque,,,316.0,C02,TRÁNSITO,AUTOMOVIL,PARTICULAR
2022-11-25,3.0,Con heridos,Choque,,,385.0,C02,TRÁNSITO,AUTOMOVIL,PARTICULAR
2022-11-26,6.0,Con heridos,Choque,,,249.0,C02,TRÁNSITO,AUTOMOVIL,PARTICULAR
2022-11-27,3.0,Con heridos,Choque,,,289.0,C29,TRÁNSITO,AUTOMOVIL,PARTICULAR
2022-11-28,6.0,Con heridos,Choque,,,352.0,C02,TRÁNSITO,AUTOMOVIL,PARTICULAR
2022-11-29,3.0,Con heridos,Choque,,,345.0,C02,TRÁNSITO,AUTOMOVIL,PARTICULAR
2022-11-30,1.0,Con heridos,Choque,,,313.0,C02,TRÁNSITO,AUTOMOVIL,PARTICULAR
2022-12-01,12.0,Con heridos,Choque,,,393.0,C02,TRÁNSITO,AUTOMOVIL,PARTICULAR
2022-12-02,6.0,Con heridos,Choque,,,317.0,C02,TRÁNSITO,AUTOMOVIL,PARTICULAR
2022-12-03,2.0,Con heridos,Choque,,,259.0,C29,TRÁNSITO,AUTOMOVIL,PARTICULAR
2022-12-04,7.0,Con heridos,Choque,,,293.0,C29,TRÁNSITO,AUTOMOVIL,PARTICULAR
2022-12-05,3.0,Con heridos,Atropello,,,293.0,C02,TRÁNSITO,AUTOMOVIL,PARTICULAR
2022-12-06,11.0,Con heridos,Choque,,,290.0,C02,TRÁNSITO,AUTOMOVIL,PARTICULAR
2022-12-07,4.0,Con heridos,Caida Ocupante,,,256.0,C29,TRÁNSITO,AUTOMOVIL,PARTICULAR
2022-12-08,9.0,Con heridos,Choque,,,374.0,C29,TRÁNSITO,AUTOMOVIL,PARTICULAR
2022-12-09,9.0,Con heridos,Choque,,,336.0,C02,TRÁNSITO,AUTOMOVIL,PARTICULAR
2022-12-10,4.0,Con heridos,Choque,,,270.0,C29,TRÁNSITO,AUTOMOVIL,PARTICULAR
2022-12-11,6.0,Con heridos,Atropello,,,270.0,C29,TRÁNSITO,AUTOMOVIL,PARTICULAR
2022-12-12,5.0,Con heridos,Choque,,,334.0,C02,TRÁNSITO,AUTOMOVIL,PARTICULAR
2022-12-13,2.0,Con heridos,Choque,,,308.0,C02,TRÁNSITO,AUTOMOVIL,PARTICULAR
2022-12-14,6.0,Con heridos,Choque,,,336.0,C02,TRÁNSITO,AUTOMOVIL,PARTICULAR
2022-12-15,6.0,Con heridos,Choque,,,282.0,C02,TRÁNSITO,AUTOMOVIL,PARTICULAR
2022-12-16,6.0,Con heridos,Choque,,,293.0,C02,TRÁNSITO,AUTOMOVIL,PARTICULAR
2022-12-17,9.0,Con heridos,Choque,,,276.0,C29,TRÁNSITO,AUTOMOVIL,PARTICULAR
2022-12-18,4.0,Con heridos,Choque,,,279.0,C29,TRÁNSITO,AUTOMOVIL,PARTICULAR
2022-12-19,7.0,Con heridos,Choque,,,304.0,C29,TRÁNSITO,AUTOMOVIL,PARTICULAR
2022-12-20,4.0,Con heridos,Choque,,,256.0,C29,TRÁNSITO,AUTOMOVIL,PARTICULAR
2022-12-21,2.0,Con heridos,Choque,,,363.0,C29,TRÁNSITO,AUTOMOVIL,PARTICULAR
2022-12-22,5.0,Con heridos,Choque,,,300.0,C29,TRÁNSITO,AUTOMOVIL,PARTICULAR
2022-12-23,4.0,Con heridos,Choque,,,309.0,C29,TRÁNSITO,AUTOMOVIL,PARTICULAR
2022-12-24,10.0,Con heridos,Choque,,,249.0,C29,TRÁNSITO,AUTOMOVIL,PARTICULAR
2022-12-25,4.0,Con heridos,Atropello,,,366.0,C29,TRÁNSITO,AUTOMOVIL,PARTICULAR
2022-12-26,4.0,Con heridos,Choque,,,239.0,C29,TRÁNSITO,AUTOMOVIL,PARTICULAR
2022-12-27,2.0,Con heridos,Choque,,,238.0,C29,TRÁNSITO,AUTOMOVIL,PARTICULAR
2022-12-28,5.0,Con heridos,Choque,,,98.0,C02,TRÁNSITO,AUTOMOVIL,PARTICULAR
2022-12-29,5.0,Con heridos,Choque,,,119.0,C02,TRÁNSITO,AUTOMOVIL,PARTICULAR
2022-12-30,4.0,Con heridos,Atropello,,,113.0,C02,TRÁNSITO,AUTOMOVIL,PARTICULAR
2022-12-31,2.0,Con heridos,Caida Ocupante,,,29.0,C02,TRÁNSITO,AUTOMOVIL,PARTICULAR
2023-01-01,2.0,Con heridos,Choque,,,,,,,
2023-01-02,5.0,Con heridos,Choque,,,,,,,
2023-01-03,2.0,Con heridos,Choque,,,,,,,
2023-01-04,6.0,Con heridos,Choque,,,,,,,
2023-01-05,1.0,Con heridos,Choque,,,,,,,
2023-01-06,3.0,Con heridos,Choque,,,,,,,
2023-01-07,3.0,Con heridos,Choque,,,,,,,
2023-01-08,3.0,Con heridos,Choque,,,,,,,
2023-01-09,4.0,Con heridos,Atropello,,,,,,,
2023-01-10,6.0,Con heridos,Choque,,,,,,,
2023-01-11,5.0,Con heridos,Choque,,,,,,,
2023-01-12,5.0,Con heridos,Choque,,,,,,,
2023-01-13,2.0,Con heridos,Choque,,,,,,,
2023-01-14,2.0,Con heridos,Choque,,,,,,,
2023-01-15,5.0,Con heridos,Choque,,,,,,,
2023-01-16,4.0,Con heridos,Choque,,,,,,,
2023-01-17,3.0,Con heridos,Choque,,,,,,,
2023-01-18,5.0,Con heridos,Choque,,,,,,,
2023-01-19,6.0,Con heridos,Choque,,,159.0,C29,TRÁNSITO,AUTOMOVIL,PARTICULAR
2023-01-20,5.0,Con heridos,Choque,,,185.0,C29,TRÁNSITO,AUTOMOVIL,PARTICULAR
2023-01-21,6.0,Con heridos,Choque,,,153.0,C29,TRÁNSITO,AUTOMOVIL,PARTICULAR
2023-01-22,3.0,Con heridos,Atropello,,,218.0,C29,TRÁNSITO,AUTOMOVIL,PARTICULAR
2023-01-23,4.0,Con heridos,Choque,,,130.0,C29,TRÁNSITO,AUTOMOVIL,PARTICULAR
2023-01-24,6.0,Con heridos,Choque,,,122.0,C29,TRÁNSITO,AUTOMOVIL,PARTICULAR
2023-01-25,4.0,Con heridos,Choque,,,151.0,C29,TRÁNSITO,AUTOMOVIL,PARTICULAR
2023-01-26,2.0,Con heridos,Choque,,,135.0,C29,TRÁNSITO,AUTOMOVIL,PARTICULAR
2023-01-27,2.0,Con heridos,Choque,,,181.0,C29,TRÁNSITO,AUTOMOVIL,PARTICULAR
2023-01-28,4.0,Con heridos,Choque,,,150.0,C29,TRÁNSITO,AUTOMOVIL,PARTICULAR
2023-01-29,3.0,Con heridos,Choque,,,220.0,C29,TRÁNSITO,AUTOMOVIL,PARTICULAR
2023-01-30,6.0,Con heridos,Choque,,,155.0,C29,TRÁNSITO,AUTOMOVIL,PARTICULAR
2023-01-31,7.0,Con heridos,Choque,,,147.0,C29,TRÁNSITO,AUTOMOVIL,PARTICULAR
2023-02-01,7.0,Con heridos,Choque,,,124.0,C29,TRÁNSITO,AUTOMOVIL,PARTICULAR
2023-02-02,5.0,Con heridos,Choque,,,160.0,C29,TRÁNSITO,AUTOMOVIL,PARTICULAR
2023-02-03,6.0,Con heridos,Choque,,,185.0,C29,TRÁNSITO,AUTOMOVIL,PARTICULAR
2023-02-04,5.0,Con heridos,Choque,,,146.0,C29,TRÁNSITO,AUTOMOVIL,PARTICULAR
2023-02-05,4.0,Con heridos,Choque,,,197.0,C29,TRÁNSITO,AUTOMOVIL,PARTICULAR
2023-02-06,10.0,Con heridos,Choque,,,172.0,C29,TRÁNSITO,AUTOMOVIL,PARTICULAR
2023-02-07,2.0,Con heridos,Atropello,,,174.0,C29,TRÁNSITO,AUTOMOVIL,PARTICULAR
2023-02-08,7.0,Con heridos,Choque,,,145.0,C29,TRÁNSITO,AUTOMOVIL,PARTICULAR
2023-02-09,5.0,Con heridos,Choque,,,189.0,C29,TRÁNSITO,AUTOMOVIL,PARTICULAR
2023-02-10,8.0,Con heridos,Choque,,,229.0,C29,TRÁNSITO,AUTOMOVIL,PARTICULAR
2023-02-11,5.0,Con heridos,Choque,,,165.0,C29,TRÁNSITO,AUTOMOVIL,PARTICULAR
2023-02-12,3.0,Con heridos,Choque,,,196.0,C29,TRÁNSITO,AUTOMOVIL,PARTICULAR
2023-02-13,6.0,Con heridos,Choque,,,243.0,C02,TRÁNSITO,AUTOMOVIL,PARTICULAR
2023-02-14,8.0,Con heridos,Choque,,,250.0,C02,TRÁNSITO,AUTOMOVIL,PARTICULAR