FECHA,ACCIDENTES,GRAVEDAD_ACCIDENTE,CLASE_ACCIDENTE,PRECIPITACION_MM,LLUVIA,COMPARENDOS,COD_INFRACCION,TIPO_INFRACCION,CLASE_VEHICULO_INFRACTOR,SERVICIO_VEHICULO_INFRACTOR
2023-02-15,8.0,Con heridos,Choque,,,276.0,C02,TRÁNSITO,AUTOMOVIL,PARTICULAR
2023-02-16,6.0,Con heridos,Choque,,,266.0,C02,TRÁNSITO,AUTOMOVIL,PARTICULAR
2023-02-17,7.0,Con heridos,Choque,,,200.0,C02,TRÁNSITO,AUTOMOVIL,PARTICULAR
2023-02-18,6.0,Con heridos,Choque,,,222.0,C29,TRÁNSITO,AUTOMOVIL,PARTICULAR
2023-02-19,9.0,Con heridos,Choque,,,234.0,C29,TRÁNSITO,AUTOMOVIL,PARTICULAR
2023-02-20,9.0,Con heridos,Choque,,,239.0,C29,TRÁNSITO,AUTOMOVIL,PARTICULAR
2023-02-21,3.0,Con heridos,Choque,,,223.0,C29,TRÁNSITO,AUTOMOVIL,PARTICULAR
2023-02-22,6.0,Con heridos,Choque,,,214.0,C02,TRÁNSITO,AUTOMOVIL,PARTICULAR
2023-02-23,3.0,Con heridos,Choque,,,199.0,C02,TRÁNSITO,AUTOMOVIL,PARTICULAR
2023-02-24,3.0,Con heridos,Choque,,,191.0,C02,TRÁNSITO,AUTOMOVIL,PARTICULAR
2023-02-25,1.0,Con muertos,Choque,,,184.0,C02,TRÁNSITO,AUTOMOVIL,PARTICULAR
2023-02-26,3.0,Con heridos,Choque,,,184.0,C29,TRÁNSITO,AUTOMOVIL,PARTICULAR
2023-02-27,9.0,Con heridos,Choque,,,255.0,C02,TRÁNSITO,AUTOMOVIL,PARTICULAR
2023-02-28,4.0,Con heridos,Choque,,,241.0,C02,TRÁNSITO,AUTOMOVIL,PARTICULAR
2023-03-01,6.0,Con heridos,Choque,,,231.0,C02,TRÁNSITO,AUTOMOVIL,PARTICULAR
2023-03-02,1.0,Con heridos,Choque,,,279.0,C02,TRÁNSITO,AUTOMOVIL,PARTICULAR
2023-03-03,6.0,Con heridos,Choque,,,251.0,C02,TRÁNSITO,AUTOMOVIL,PARTICULAR
2023-03-04,6.0,Con heridos,Choque,,,276.0,C02,TRÁNSITO,AUTOMOVIL,PARTICULAR
2023-03-05,5.0,Con heridos,Atropello,,,190.0,C29,TRÁNSITO,AUTOMOVIL,PARTICULAR
2023-03-06,3.0,Con heridos,Choque,,,253.0,C02,TRÁNSITO,AUTOMOVIL,PARTICULAR
2023-03-07,4.0,Con heridos,Choque,,,232.0,C02,TRÁNSITO,AUTOMOVIL,PARTICULAR
2023-03-08,6.0,Con heridos,Choque,,,212.0,C02,TRÁNSITO,AUTOMOVIL,PARTICULAR
2023-03-09,5.0,Con heridos,Choque,,,223.0,C02,TRÁNSITO,AUTOMOVIL,PARTICULAR
2023-03-10,4.0,Con heridos,Choque,,,233.0,C02,TRÁNSITO,AUTOMOVIL,PARTICULAR
2023-03-11,8.0,Con heridos,Choque,,,241.0,C02,TRÁNSITO,AUTOMOVIL,PARTICULAR
2023-03-12,2.0,Con heridos,Choque,,,273.0,C29,TRÁNSITO,AUTOMOVIL,PARTICULAR
2023-03-13,2.0,Con heridos,Caida Ocupante,,,267.0,C02,TRÁNSITO,AUTOMOVIL,PARTICULAR
2023-03-14,5.0,Con heridos,Choque,,,257.0,C02,TRÁNSITO,AUTOMOVIL,PARTICULAR
2023-03-15,1.0,Con heridos,Choque,,,294.0,C02,TRÁNSITO,AUTOMOVIL,PARTICULAR
2023-03-16,2.0,Con heridos,Choque,,,314.0,C02,TRÁNSITO,AUTOMOVIL,PARTICULAR
2023-03-17,4.0,Con heridos,Choque,,,216.0,C02,TRÁNSITO,AUTOMOVIL,PARTICULAR
2023-03-18,4.0,Con heridos,Choque,,,265.0,C02,TRÁNSITO,AUTOMOVIL,PARTICULAR
2023-03-19,8.0,Con heridos,Choque,,,249.0,C29,TRÁNSITO,AUTOMOVIL,PARTICULAR
2023-03-20,5.0,Con heridos,Choque,,,248.0,C29,TRÁNSITO,AUTOMOVIL,PARTICULAR
2023-03-21,2.0,Con heridos,Atropello,,,286.0,C02,TRÁNSITO,AUTOMOVIL,PARTICULAR
2023-03-22,6.0,Con heridos,Choque,,,210.0,C02,TRÁNSITO,AUTOMOVIL,PARTICULAR
2023-03-23,4.0,Con heridos,Choque,,,240.0,C02,TRÁNSITO,AUTOMOVIL,PARTICULAR
2023-03-24,8.0,Con heridos,Choque,,,202.0,C02,TRÁNSITO,AUTOMOVIL,PARTICULAR
2023-03-25,8.0,Con heridos,Choque,,,223.0,C02,TRÁNSITO,AUTOMOVIL,PARTICULAR
2023-03-26,4.0,Con heridos,Atropello,,,263.0,C29,TRÁNSITO,AUTOMOVIL,PARTICULAR
2023-03-27,1.0,Con heridos,Atropello,,,244.0,C02,TRÁNSITO,AUTOMOVIL,PARTICULAR
2023-03-28,1.0,Con heridos,Otro,,,235.0,C02,TRÁNSITO,AUTOMOVIL,PARTICULAR
2023-03-29,3.0,Con heridos,Choque,,,210.0,C02,TRÁNSITO,AUTOMOVIL,PARTICULAR
2023-03-30,11.0,Con heridos,Choque,,,225.0,C02,TRÁNSITO,AUTOMOVIL,PARTICULAR
2023-03-31,11.0,Con heridos,Choque,,,255.0,C02,TRÁNSITO,AUTOMOVIL,PARTICULAR
2023-04-01,5.0,Con heridos,Choque,,,238.0,C02,TRÁNSITO,AUTOMOVIL,PARTICULAR
2023-04-02,7.0,Con heridos,Choque,,,236.0,C29,TRÁNSITO,AUTOMOVIL,PARTICULAR
2023-04-03,8.0,Con heridos,Choque,,,240.0,C02,TRÁNSITO,AUTOMOVIL,PARTICULAR
2023-04-04,5.0,Con heridos,Choque,,,255.0,C02,TRÁNSITO,AUTOMOVIL,PARTICULAR
2023-04-05,6.0,Con heridos,Choque,,,251.0,C02,TRÁNSITO,AUTOMOVIL,PARTICULAR
2023-04-06,4.0,Con heridos,Choque,,,262.0,C29,TRÁNSITO,AUTOMOVIL,PARTICULAR
2023-04-07,5.0,Con heridos,Choque,,,318.0,C29,TRÁNSITO,AUTOMOVIL,PARTICULAR
2023-04-08,3.0,Con heridos,Choque,,,176.0,C29,TRÁNSITO,AUTOMOVIL,PARTICULAR
2023-04-09,5.0,Con heridos,Choque,,,260.0,C29,TRÁNSITO,AUTOMOVIL,PARTICULAR
2023-04-10,5.0,Con heridos,Choque,,,254.0,C02,TRÁNSITO,AUTOMOVIL,PARTICULAR
2023-04-11,4.0,Con heridos,Choque,,,258.0,C02,TRÁNSITO,AUTOMOVIL,PARTICULAR
2023-04-12,4.0,Con heridos,Choque,,,267.0,C02,TRÁNSITO,AUTOMOVIL,PARTICULAR
2023-04-13,2.0,Con heridos,Choque,,,297.0,C02,TRÁNSITO,AUTOMOVIL,PARTICULAR
2023-04-14,7.0,Con heridos,Choque,,,221.0,C02,TRÁNSITO,AUTOMOVIL,PARTICULAR
2023-04-15,3.0,Con heridos,Choque,,,199.0,C02,TRÁNSITO,AUTOMOVIL,PARTICULAR
2023-04-16,7.0,Con heridos,Choque,,,232.0,C29,TRÁNSITO,AUTOMOVIL,PARTICULAR
2023-04-17,3.0,Con heridos,Choque,,,224.0,C02,TRÁNSITO,AUTOMOVIL,PARTICULAR
2023-04-18,6.0,Con heridos,Choque,,,195.0,C02,TRÁNSITO,AUTOMOVIL,PARTICULAR
2023-04-19,3.0,Con heridos,Choque,,,207.0,C02,TRÁNSITO,AUTOMOVIL,PARTICULAR
2023-04-20,3.0,Con heridos,Choque,,,247.0,C02,TRÁNSITO,AUTOMOVIL,PARTICULAR
2023-04-21,6.0,Con heridos,Choque,,,249.0,C02,TRÁNSITO,AUTOMOVIL,PARTICULAR
2023-04-22,5.0,Con heridos,Choque,,,223.0,C02,TRÁNSITO,AUTOMOVIL,PARTICULAR
2023-04-23,3.0,Con heridos,Choque,,,217.0,C29,TRÁNSITO,AUTOMOVIL,PARTICULAR
2023-04-24,3.0,Con heridos,Choque,,,254.0,C02,TRÁNSITO,AUTOMOVIL,PARTICULAR
2023-04-25,6.0,Con heridos,Choque,,,238.0,C02,TRÁNSITO,AUTOMOVIL,PARTICULAR
2023-04-26,6.0,Con heridos,Choque,,,286.0,C02,TRÁNSITO,AUTOMOVIL,PARTICULAR
2023-04-27,3.0,Con heridos,Choque,,,121.0,C29,TRÁNSITO,AUTOMOVIL,PARTICULAR
2023-04-28,2.0,Con heridos,Caida Ocupante,,,215.0,C02,TRÁNSITO,AUTOMOVIL,PARTICULAR
2023-04-29,7.0,Con heridos,Choque,,,302.0,C02,TRÁNSITO,AUTOMOVIL,PARTICULAR
2023-04-30,5.0,Con heridos,Atropello,,,196.0,C29,TRÁNSITO,AUTOMOVIL,PARTICULAR
2023-05-01,5.0,Con heridos,Choque,,,207.0,C29,TRÁNSITO,AUTOMOVIL,PARTICULAR
2023-05-02,4.0,Con heridos,Choque,,,272.0,C02,TRÁNSITO,AUTOMOVIL,PARTICULAR
2023-05-03,6.0,Con heridos,Choque,,,218.0,C02,TRÁNSITO,AUTOMOVIL,PARTICULAR
2023-05-04,7.0,Con heridos,Choque,,,214.0,C02,TRÁNSITO,AUTOMOVIL,PARTICULAR
2023-05-05,4.0,Con heridos,Choque,,,260.0,C02,TRÁNSITO,AUTOMOVIL,PARTICULAR
2023-05-06,13.0,Con heridos,Choque,,,284.0,C02,TRÁNSITO,AUTOMOVIL,PARTICULAR
2023-05-07,5.0,Con heridos,Choque,,,221.0,C29,TRÁNSITO,AUTOMOVIL,PARTICULAR
2023-05-08,5.0,Con heridos,Choque,,,280.0,C02,TRÁNSITO,AUTOMOVIL,PARTICULAR
2023-05-09,4.0,Con heridos,Choque,,,183.0,C02,TRÁNSITO,AUTOMOVIL,PARTICULAR
2023-05-10,3.0,Con heridos,Choque,,,304.0,C02,TRÁNSITO,AUTOMOVIL,PARTICULAR
2023-05-11,4.0,Con heridos,Choque,,,257.0,C02,TRÁNSITO,AUTOMOVIL,PARTICULAR
2023-05-12,4.0,Con heridos,Choque,,,286.0,C02,TRÁNSITO,AUTOMOVIL,PARTICULAR
2023-05-13,2.0,Con heridos,Atropello,,,318.0,C02,TRÁNSITO,AUTOMOVIL,PARTICULAR
2023-05-14,7.0,Con heridos,Choque,,,244.0,C29,TRÁNSITO,AUTOMOVIL,PARTICULAR
2023-05-15,6.0,Con heridos,Choque,,,265.0,C02,TRÁNSITO,AUTOMOVIL,PARTICULAR
2023-05-16,7.0,Con heridos,Choque,,,232.0,C02,TRÁNSITO,AUTOMOVIL,PARTICULAR
2023-05-17,4.0,Con heridos,Choque,,,215.0,C02,TRÁNSITO,AUTOMOVIL,PARTICULAR
2023-05-18,5.0,Con heridos,Choque,,,196.0,C02,TRÁNSITO,AUTOMOVIL,PARTICULAR
2023-05-19,5.0,Con heridos,Choque,,,242.0,C02,TRÁNSITO,AUTOMOVIL,PARTICULAR
2023-05-20,3.0,Con heridos,Choque,,,258.0,C02,TRÁNSITO,AUTOMOVIL,PARTICULAR
2023-05-21,3.0,Con heridos,Choque,,,239.0,C29,TRÁNSITO,AUTOMOVIL,PARTICULAR
2023-05-22,5.0,Con heridos,Choque,,,226.0,C29,TRÁNSITO,AUTOMOVIL,PARTICULAR
2023-05-23,4.0,Con heridos,Choque,,,296.0,C02,TRÁNSITO,AUTOMOVIL,PARTICULAR
2023-05-24,6.0,Con heridos,Choque,,,271.0,C02,TRÁNSITO,AUTOMOVIL,PARTICULAR
2023-05-25,5.0,Con heridos,Choque,,,260.0,C02,TRÁNSITO,AUTOMOVIL,PARTICULAR
2023-05-26,4.0,Con heridos,Choque,,,294.0,C02,TRÁNSITO,AUTOMOVIL,PARTICULAR
2023-05-27,4.0,Con heridos,Choque,,,266.0,C02,TRÁNSITO,AUTOMOVIL,PARTICULAR
2023-05-28,8.0,Con heridos,Choque,,,245.0,C29,TRÁNSITO,AUTOMOVIL,PARTICULAR
2023-05-29,3.0,Con heridos,Choque,,,248.0,C02,TRÁNSITO,AUTOMOVIL,PARTICULAR
2023-05-30,2.0,Con heridos,Caida Ocupante,,,212.0,C29,TRÁNSITO,AUTOMOVIL,PARTICULAR
2023-05-31,4.0,Con heridos,Choque,,,200.0,C02,TRÁNSITO,AUTOMOVIL,PARTICULAR
2023-06-01,5.0,Con heridos,Choque,,,229.0,C02,TRÁNSITO,AUTOMOVIL,PARTICULAR
2023-06-02,1.0,Con heridos,Choque,,,340.0,C02,TRÁNSITO,AUTOMOVIL,PARTICULAR
2023-06-03,4.0,Con heridos,Choque,,,262.0,C02,TRÁNSITO,AUTOMOVIL,PARTICULAR
2023-06-04,7.0,Con heridos,Choque,,,171.0,C29,TRÁNSITO,AUTOMOVIL,PARTICULAR
2023-06-05,4.0,Con heridos,Choque,,,325.0,C02,TRÁNSITO,AUTOMOVIL,PARTICULAR
2023-06-06,5.0,Con heridos,Choque,,,304.0,C02,TRÁNSITO,AUTOMOVIL,PARTICULAR
2023-06-07,9.0,Con heridos,Choque,,,346.0,C02,TRÁNSITO,AUTOMOVIL,PARTICULAR
2023-06-08,4.0,Con heridos,Choque,,,218.0,C02,TRÁNSITO,AUTOMOVIL,PARTICULAR
2023-06-09,5.0,Con heridos,Choque,,,261.0,C02,TRÁNSITO,AUTOMOVIL,PARTICULAR
2023-06-10,4.0,Con heridos,Choque,,,256.0,C02,TRÁNSITO,AUTOMOVIL,PARTICULAR
2023-06-11,5.0,Con heridos,Choque,,,214.0,C29,TRÁNSITO,AUTOMOVIL,PARTICULAR
2023-06-12,1.0,Con heridos,Choque,,,242.0,C29,TRÁNSITO,AUTOMOVIL,PARTICULAR
2023-06-13,5.0,Con heridos,Choque,,,247.0,C02,TRÁNSITO,AUTOMOVIL,PARTICULAR
2023-06-14,4.0,Con heridos,Choque,,,315.0,C02,TRÁNSITO,AUTOMOVIL,PARTICULAR
2023-06-15,11.0,Con heridos,Choque,,,304.0,C02,TRÁNSITO,AUTOMOVIL,PARTICULAR
2023-06-16,6.0,Con heridos,Choque,,,295.0,C02,TRÁNSITO,AUTOMOVIL,PARTICULAR
2023-06-17,5.0,Con heridos,Choque,,,289.0,C02,TRÁNSITO,AUTOMOVIL,PARTICULAR
2023-06-18,7.0,Con heridos,Choque,,,272.0,C29,TRÁNSITO,AUTOMOVIL,PARTICULAR
2023-06-19,3.0,Con heridos,Choque,,,272.0,C29,TRÁNSITO,AUTOMOVIL,PARTICULAR
2023-06-20,6.0,Con heridos,Choque,,,280.0,C29,TRÁNSITO,AUTOMOVIL,PARTICULAR
2023-06-21,6.0,Con heridos,Choque,,,278.0,C02,TRÁNSITO,AUTOMOVIL,PARTICULAR
2023-06-22,4.0,Con heridos,Choque,,,312.0,C02,TRÁNSITO,AUTOMOVIL,PARTICULAR
2023-06-23,2.0,Con heridos,Choque,,,269.0,C02,TRÁNSITO,AUTOMOVIL,PARTICULAR
2023-06-24,6.0,Con heridos,Choque,,,261.0,C02,TRÁNSITO,AUTOMOVIL,PARTICULAR
2023-06-25,4.0,Con heridos,Choque,,,216.0,C29,TRÁNSITO,AUTOMOVIL,PARTICULAR
2023-06-26,1.0,Con heridos,Choque,,,214.0,C02,TRÁNSITO,AUTOMOVIL,PARTICULAR
2023-06-27,6.0,Con heridos,Choque,,,215.0,C02,TRÁNSITO,AUTOMOVIL,PARTICULAR
2023-06-28,3.0,Con heridos,Choque,,,271.0,C02,TRÁNSITO,AUTOMOVIL,PARTICULAR
2023-06-29,2.0,Con heridos,Choque,,,259.0,C02,TRÁNSITO,AUTOMOVIL,PARTICULAR
2023-06-30,2.0,Con heridos,Choque,,,306.0,C02,TRÁNSITO,AUTOMOVIL,PARTICULAR
2023-07-01,3.0,Con heridos,Choque,,,238.0,C02,TRÁNSITO,AUTOMOVIL,PARTICULAR
2023-07-02,6.0,Con heridos,Choque,,,167.0,C29,TRÁNSITO,AUTOMOVIL,PARTICULAR
2023-07-03,4.0,Con heridos,Choque,,,193.0,C29,TRÁNSITO,AUTOMOVIL,PARTICULAR
2023-07-04,7.0,Con heridos,Choque,,,322.0,C02,TRÁNSITO,AUTOMOVIL,PARTICULAR
2023-07-05,5.0,Con heridos,Choque,,,303.0,C02,TRÁNSITO,AUTOMOVIL,PARTICULAR
2023-07-06,5.0,Con heridos,Choque,,,286.0,C02,TRÁNSITO,AUTOMOVIL,PARTICULAR
2023-07-07,7.0,Con heridos,Choque,,,281.0,C02,TRÁNSITO,AUTOMOVIL,PARTICULAR
2023-07-08,2.0,Con heridos,Atropello,,,275.0,C02,TRÁNSITO,AUTOMOVIL,PARTICULAR
2023-07-09,3.0,Con heridos,Choque,,,188.0,C29,TRÁNSITO,AUTOMOVIL,PARTICULAR
2023-07-10,9.0,Con heridos,Choque,,,290.0,C02,TRÁNSITO,AUTOMOVIL,PARTICULAR
2023-07-11,4.0,Con heridos,Choque,,,310.0,C02,TRÁNSITO,AUTOMOVIL,PARTICULAR
2023-07-12,5.0,Con heridos,Choque,,,274.0,C02,TRÁNSITO,AUTOMOVIL,PARTICULAR
2023-07-13,2.0,Con heridos,Atropello,,,325.0,C02,TRÁNSITO,AUTOMOVIL,PARTICULAR
2023-07-14,4.0,Con heridos,Choque,,,333.0,C02,TRÁNSITO,AUTOMOVIL,PARTICULAR
2023-07-15,4.0,Con heridos,Choque,,,274.0,C02,TRÁNSITO,AUTOMOVIL,PARTICULAR
2023-07-16,4.0,Con heridos,Choque,,,190.0,C29,TRÁNSITO,AUTOMOVIL,PARTICULAR
2023-07-17,6.0,Con heridos,Choque,,,356.0,C02,TRÁNSITO,AUTOMOVIL,PARTICULAR
2023-07-18,1.0,Con heridos,Choque,,,319.0,C02,TRÁNSITO,AUTOMOVIL,PARTICULAR
2023-07-19,2.0,Con heridos,Atropello,,,306.0,C02,TRÁNSITO,AUTOMOVIL,PARTICULAR
2023-07-20,4.0,Con heridos,Choque,,,232.0,C29,TRÁNSITO,AUTOMOVIL,PARTICULAR
2023-07-21,5.0,Con heridos,Choque,,,295.0,C02,TRÁNSITO,AUTOMOVIL,PARTICULAR
2023-07-22,2.0,Con heridos,Atropello,,,272.0,C02,TRÁNSITO,AUTOMOVIL,PARTICULAR
2023-07-23,7.0,Con heridos,Choque,,,192.0,C29,TRÁNSITO,AUTOMOVIL,PARTICULAR
2023-07-24,6.0,Con heridos,Choque,,,280.0,C02,TRÁNSITO,AUTOMOVIL,PARTICULAR
2023-07-25,5.0,Con heridos,Choque,,,265.0,C02,TRÁNSITO,AUTOMOVIL,PARTICULAR
2023-07-26,7.0,Con heridos,Choque,,,289.0,C02,TRÁNSITO,AUTOMOVIL,PARTICULAR
2023-07-27,6.0,Con heridos,Atropello,,,339.0,C02,TRÁNSITO,AUTOMOVIL,PARTICULAR
2023-07-28,3.0,Con heridos,Choque,,,399.0,C02,TRÁNSITO,AUTOMOVIL,PARTICULAR
2023-07-29,5.0,Con heridos,Choque,,,456.0,C02,TRÁNSITO,AUTOMOVIL,PARTICULAR
2023-07-30,6.0,Con heridos,Choque,,,240.0,C29,TRÁNSITO,AUTOMOVIL,PARTICULAR
2023-07-31,2.0,Con heridos,Atropello,,,265.0,C02,TRÁNSITO,AUTOMOVIL,PARTICULAR
2023-08-01,1.0,Con heridos,Atropello,,,337.0,C02,TRÁNSITO,AUTOMOVIL,PARTICULAR
2023-08-02,5.0,Con heridos,Choque,,,304.0,C02,TRÁNSITO,AUTOMOVIL,PARTICULAR
2023-08-03,8.0,Con heridos,Choque,,,344.0,C02,TRÁNSITO,AUTOMOVIL,PARTICULAR
2023-08-04,2.0,Con heridos,Choque,,,322.0,C02,TRÁNSITO,AUTOMOVIL,PARTICULAR
2023-08-05,4.0,Con heridos,Choque,,,330.0,C02,TRÁNSITO,AUTOMOVIL,PARTICULAR
2023-08-06,8.0,Con heridos,Choque,,,242.0,C29,TRÁNSITO,AUTOMOVIL,PARTICULAR
2023-08-07,3.0,Con heridos,Choque,,,238.0,C29,TRÁNSITO,AUTOMOVIL,PARTICULAR
2023-08-08,7.0,Con heridos,Choque,,,283.0,C02,TRÁNSITO,AUTOMOVIL,PARTICULAR
2023-08-09,3.0,Con heridos,Choque,,,262.0,C02,TRÁNSITO,AUTOMOVIL,PARTICULAR
2023-08-10,6.0,Con heridos,Atropello,,,258.0,C02,TRÁNSITO,AUTOMOVIL,PARTICULAR
2023-08-11,7.0,Con heridos,Choque,,,306.0,C02,TRÁNSITO,AUTOMOVIL,PARTICULAR
2023-08-12,3.0,Con heridos,Choque,,,291.0,C02,TRÁNSITO,AUTOMOVIL,PARTICULAR
2023-08-13,4.0,Con heridos,Choque,,,176.0,C29,TRÁNSITO,AUTOMOVIL,PARTICULAR
2023-08-14,8.0,Con heridos,Choque,,,278.0,C02,TRÁNSITO,AUTOMOVIL,PARTICULAR
2023-08-15,4.0,Con heridos,Choque,,,243.0,C02,TRÁNSITO,AUTOMOVIL,PARTICULAR
2023-08-16,3.0,Con heridos,Choque,,,244.0,C02,TRÁNSITO,AUTOMOVIL,PARTICULAR
2023-08-17,6.0,Con heridos,Choque,,,295.0,C02,TRÁNSITO,AUTOMOVIL,PARTICULAR
2023-08-18,1.0,Con heridos,Atropello,,,310.0,C02,TRÁNSITO,AUTOMOVIL,PARTICULAR
2023-08-19,6.0,Con heridos,Choque,,,253.0,C02,TRÁNSITO,AUTOMOVIL,PARTICULAR
2023-08-20,6.0,Con heridos,Choque,,,188.0,C29,TRÁNSITO,AUTOMOVIL,PARTICULAR
2023-08-21,1.0,Con heridos,Choque,,,144.0,C29,TRÁNSITO,AUTOMOVIL,PARTICULAR
2023-08-22,3.0,Con heridos,Choque,,,278.0,C02,TRÁNSITO,AUTOMOVIL,PARTICULAR
2023-08-23,3.0,Con heridos,Choque,,,261.0,C02,TRÁNSITO,AUTOMOVIL,PARTICULAR
2023-08-24,2.0,Con heridos,Choque,,,243.0,C02,TRÁNSITO,AUTOMOVIL,PARTICULAR
2023-08-25,2.0,Con heridos,Atropello,,,289.0,C02,TRÁNSITO,AUTOMOVIL,PARTICULAR
2023-08-26,9.0,Con heridos,Choque,,,245.0,C02,TRÁNSITO,AUTOMOVIL,PARTICULAR
2023-08-27,5.0,Con heridos,Choque,,,176.0,C29,TRÁNSITO,AUTOMOVIL,PARTICULAR
2023-08-28,3.0,Con heridos,Choque,,,331.0,C02,TRÁNSITO,AUTOMOVIL,PARTICULAR
2023-08-29,5.0,Con heridos,Choque,,,279.0,C02,TRÁNSITO,AUTOMOVIL,PARTICULAR
2023-08-30,4.0,Con heridos,Choque,,,308.0,C02,TRÁNSITO,AUTOMOVIL,PARTICULAR
2023-08-31,7.0,Con heridos,Choque,,,322.0,C02,TRÁNSITO,AUTOMOVIL,PARTICULAR
2023-09-01,1.0,Con muertos,Atropello,,,338.0,C02,TRÁNSITO,AUTOMOVIL,PARTICULAR
2023-09-02,4.0,Con heridos,Choque,,,284.0,C02,TRÁNSITO,AUTOMOVIL,PARTICULAR
2023-09-03,5.0,Con heridos,Choque,,,171.0,C29,TRÁNSITO,AUTOMOVIL,PARTICULAR
2023-09-04,3.0,Con heridos,Choque,,,315.0,C02,TRÁNSITO,AUTOMOVIL,PARTICULAR
2023-09-05,7.0,Con heridos,Choque,,,345.0,C02,TRÁNSITO,AUTOMOVIL,PARTICULAR
2023-09-06,2.0,Con heridos,Choque,,,298.0,C02,TRÁNSITO,AUTOMOVIL,PARTICULAR
2023-09-07,7.0,Con heridos,Choque,,,251.0,C02,TRÁNSITO,AUTOMOVIL,PARTICULAR
2023-09-08,8.0,Con heridos,Choque,,,348.0,C02,TRÁNSITO,AUTOMOVIL,PARTICULAR
2023-09-09,6.0,Con heridos,Choque,,,331.0,C02,TRÁNSITO,AUTOMOVIL,PARTICULAR
2023-09-10,4.0,Con heridos,Choque,,,224.0,C29,TRÁNSITO,AUTOMOVIL,PARTICULAR
2023-09-11,2.0,Con heridos,Atropello,,,353.0,C02,TRÁNSITO,AUTOMOVIL,PARTICULAR
2023-09-12,3.0,Con heridos,Choque,,,276.0,C02,TRÁNSITO,AUTOMOVIL,PARTICULAR
2023-09-13,3.0,Con heridos,Choque,,,300.0,C02,TRÁNSITO,AUTOMOVIL,PARTICULAR
2023-09-14,6.0,Con heridos,Choque,,,301.0,C02,TRÁNSITO,AUTOMOVIL,PARTICULAR
2023-09-15,9.0,Con heridos,Choque,,,291.0,C02,TRÁNSITO,AUTOMOVIL,PARTICULAR
2023-09-16,4.0,Con heridos,Atropello,,,240.0,C02,TRÁNSITO,AUTOMOVIL,PARTICULAR
2023-09-17,4.0,Con heridos,Choque,,,152.0,C29,TRÁNSITO,AUTOMOVIL,PARTICULAR
2023-09-18,3.0,Con heridos,Choque,,,291.0,C02,TRÁNSITO,AUTOMOVIL,PARTICULAR
2023-09-19,3.0,Con heridos,Choque,,,289.0,C02,TRÁNSITO,AUTOMOVIL,PARTICULAR
2023-09-20,5.0,Con heridos,Choque,,,262.0,C02,TRÁNSITO,AUTOMOVIL,PARTICULAR
2023-09-21,5.0,Con heridos,Choque,,,303.0,C02,TRÁNSITO,AUTOMOVIL,PARTICULAR
2023-09-22,3.0,Con heridos,Choque,,,327.0,C02,TRÁNSITO,AUTOMOVIL,PARTICULAR
2023-09-23,7.0,Con heridos,Choque,,,296.0,C02,TRÁNSITO,AUTOMOVIL,PARTICULAR
2023-09-24,2.0,Con heridos,Choque,,,222.0,C29,TRÁNSITO,AUTOMOVIL,PARTICULAR
2023-09-25,8.0,Con heridos,Choque,,,328.0,C02,TRÁNSITO,AUTOMOVIL,PARTICULAR
2023-09-26,3.0,Con heridos,Choque,,,283.0,C02,TRÁNSITO,AUTOMOVIL,PARTICULAR
2023-09-27,8.0,Con heridos,Choque,,,332.0,C02,TRÁNSITO,AUTOMOVIL,PARTICULAR
2023-09-28,2.0,Con heridos,Choque,,,313.0,C02,TRÁNSITO,AUTOMOVIL,PARTICULAR
2023-09-29,5.0,Con heridos,Choque,,,348.0,C02,TRÁNSITO,AUTOMOVIL,PARTICULAR
2023-09-30,3.0,Con heridos,Choque,,,272.0,C02,TRÁNSITO,AUTOMOVIL,PARTICULAR
2023-10-01,9.0,Con heridos,Choque,,,191.0,C29,TRÁNSITO,AUTOMOVIL,PARTICULAR
2023-10-02,10.0,Con heridos,Choque,,,332.0,C02,TRÁNSITO,AUTOMOVIL,PARTICULAR
2023-10-03,2.0,Con heridos,Choque,,,301.0,C02,TRÁNSITO,AUTOMOVIL,PARTICULAR
2023-10-04,5.0,Con heridos,Choque,,,330.0,C02,TRÁNSITO,AUTOMOVIL,PARTICULAR
2023-10-05,5.0,Con heridos,Choque,,,325.0,C02,TRÁNSITO,AUTOMOVIL,PARTICULAR
2023-10-06,4.0,Con heridos,Choque,,,344.0,C02,TRÁNSITO,AUTOMOVIL,PARTICULAR
2023-10-07,5.0,Con heridos,Choque,,,295.0,C02,TRÁNSITO,AUTOMOVIL,PARTICULAR
2023-10-08,2.0,Con heridos,Choque,,,180.0,C29,TRÁNSITO,AUTOMOVIL,PARTICULAR