FECHA,ACCIDENTES,GRAVEDAD_ACCIDENTE,CLASE_ACCIDENTE,PRECIPITACION_MM,LLUVIA,COMPARENDOS,COD_INFRACCION,TIPO_INFRACCION,CLASE_VEHICULO_INFRACTOR,SERVICIO_VEHICULO_INFRACTOR
2023-10-10,5.0,Con heridos,Choque,,,277.0,C02,TRÁNSITO,AUTOMOVIL,PARTICULAR
2023-10-11,4.0,Con heridos,Choque,,,235.0,C02,TRÁNSITO,AUTOMOVIL,PARTICULAR
2023-10-12,3.0,Con muertos,Choque,,,169.0,C02,TRÁNSITO,AUTOMOVIL,PARTICULAR
2023-10-13,9.0,Con heridos,Choque,,,239.0,C02,TRÁNSITO,AUTOMOVIL,PARTICULAR
2023-10-14,1.0,Con heridos,Choque,,,270.0,C02,TRÁNSITO,AUTOMOVIL,PARTICULAR
2023-10-15,3.0,Con heridos,Atropello,,,199.0,C29,TRÁNSITO,AUTOMOVIL,PARTICULAR
2023-10-16,7.0,Con heridos,Choque,,,161.0,C29,TRÁNSITO,AUTOMOVIL,PARTICULAR
2023-10-17,4.0,Con heridos,Choque,,,296.0,C02,TRÁNSITO,AUTOMOVIL,PARTICULAR
2023-10-18,4.0,Con heridos,Choque,,,280.0,C02,TRÁNSITO,AUTOMOVIL,PARTICULAR
2023-10-19,2.0,Con heridos,Choque,,,267.0,C02,TRÁNSITO,AUTOMOVIL,PARTICULAR
2023-10-20,8.0,Con heridos,Choque,,,338.0,C02,TRÁNSITO,AUTOMOVIL,PARTICULAR
2023-10-21,2.0,Con heridos,Atropello,,,280.0,C02,TRÁNSITO,AUTOMOVIL,PARTICULAR
2023-10-22,4.0,Con heridos,Choque,,,224.0,C29,TRÁNSITO,AUTOMOVIL,PARTICULAR
2023-10-23,5.0,Con heridos,Choque,,,338.0,C02,TRÁNSITO,AUTOMOVIL,PARTICULAR
2023-10-24,4.0,Con heridos,Choque,,,326.0,C02,TRÁNSITO,AUTOMOVIL,PARTICULAR
2023-10-25,6.0,Con heridos,Choque,,,252.0,C02,TRÁNSITO,AUTOMOVIL,PARTICULAR
2023-10-26,4.0,Con heridos,Choque,,,226.0,C02,TRÁNSITO,AUTOMOVIL,PARTICULAR
2023-10-27,3.0,Con heridos,Choque,,,297.0,C02,TRÁNSITO,AUTOMOVIL,PARTICULAR
2023-10-28,4.0,Con heridos,Choque,,,254.0,C02,TRÁNSITO,AUTOMOVIL,PARTICULAR
2023-10-29,3.0,Con heridos,Choque,,,195.0,C29,TRÁNSITO,AUTOMOVIL,PARTICULAR
2023-10-30,4.0,Con heridos,Choque,,,240.0,C02,TRÁNSITO,AUTOMOVIL,PARTICULAR
2023-10-31,6.0,Con heridos,Choque,,,320.0,C02,TRÁNSITO,AUTOMOVIL,PARTICULAR
2023-11-01,5.0,Con heridos,Choque,,,204.0,C02,TRÁNSITO,AUTOMOVIL,PARTICULAR
2023-11-02,5.0,Con heridos,Choque,,,262.0,C02,TRÁNSITO,AUTOMOVIL,PARTICULAR
2023-11-03,8.0,Con heridos,Choque,,,304.0,C02,TRÁNSITO,AUTOMOVIL,PARTICULAR
2023-11-04,7.0,Con heridos,Choque,,,260.0,C02,TRÁNSITO,AUTOMOVIL,PARTICULAR
2023-11-05,4.0,Con heridos,Choque,,,166.0,C29,TRÁNSITO,AUTOMOVIL,PARTICULAR
2023-11-06,5.0,Con heridos,Choque,,,153.0,C29,TRÁNSITO,AUTOMOVIL,PARTICULAR
2023-11-07,6.0,Con heridos,Choque,,,266.0,C02,TRÁNSITO,AUTOMOVIL,PARTICULAR
2023-11-08,3.0,Con heridos,Choque,,,266.0,C02,TRÁNSITO,AUTOMOVIL,PARTICULAR
2023-11-09,6.0,Con heridos,Choque,,,291.0,C02,TRÁNSITO,AUTOMOVIL,PARTICULAR
2023-11-10,6.0,Con heridos,Choque,,,294.0,C02,TRÁNSITO,AUTOMOVIL,PARTICULAR
2023-11-11,5.0,Con heridos,Choque,,,284.0,C02,TRÁNSITO,AUTOMOVIL,PARTICULAR
2023-11-12,4.0,Con heridos,Choque,,,202.0,C29,TRÁNSITO,AUTOMOVIL,PARTICULAR
2023-11-13,2.0,Con heridos,Choque,,,177.0,C29,TRÁNSITO,AUTOMOVIL,PARTICULAR
2023-11-14,4.0,Con heridos,Choque,,,296.0,C02,TRÁNSITO,AUTOMOVIL,PARTICULAR
2023-11-15,5.0,Con heridos,Choque,,,252.0,C02,TRÁNSITO,AUTOMOVIL,PARTICULAR
2023-11-16,4.0,Con heridos,Choque,,,230.0,C02,TRÁNSITO,AUTOMOVIL,PARTICULAR
2023-11-17,2.0,Con heridos,Atropello,,,277.0,C02,TRÁNSITO,AUTOMOVIL,PARTICULAR
2023-11-18,3.0,Con heridos,Choque,,,240.0,C02,TRÁNSITO,AUTOMOVIL,PARTICULAR
2023-11-19,5.0,Con heridos,Choque,,,98.0,C29,TRÁNSITO,AUTOMOVIL,PARTICULAR
2023-11-20,8.0,Con heridos,Choque,,,253.0,C02,TRÁNSITO,AUTOMOVIL,PARTICULAR
2023-11-21,5.0,Con heridos,Choque,,,263.0,C02,TRÁNSITO,AUTOMOVIL,PARTICULAR
2023-11-22,2.0,Con heridos,Choque,,,271.0,C02,TRÁNSITO,AUTOMOVIL,PARTICULAR
2023-11-23,4.0,Con heridos,Choque,,,260.0,C02,TRÁNSITO,AUTOMOVIL,PARTICULAR
2023-11-24,7.0,Con heridos,Choque,,,295.0,C02,TRÁNSITO,AUTOMOVIL,PARTICULAR
2023-11-25,3.0,Con heridos,Choque,,,250.0,C02,TRÁNSITO,AUTOMOVIL,PARTICULAR
2023-11-26,2.0,Con heridos,Choque,,,127.0,C29,TRÁNSITO,AUTOMOVIL,PARTICULAR
2023-11-27,9.0,Con heridos,Choque,,,278.0,C02,TRÁNSITO,AUTOMOVIL,PARTICULAR
2023-11-28,5.0,Con heridos,Choque,,,266.0,C02,TRÁNSITO,AUTOMOVIL,PARTICULAR
2023-11-29,3.0,Con heridos,Choque,,,320.0,C02,TRÁNSITO,AUTOMOVIL,PARTICULAR
2023-11-30,2.0,Con heridos,Choque,,,330.0,C02,TRÁNSITO,AUTOMOVIL,PARTICULAR
2023-12-01,8.0,Con heridos,Choque,,,299.0,C02,TRÁNSITO,AUTOMOVIL,PARTICULAR
2023-12-02,3.0,Con heridos,Choque,,,249.0,C02,TRÁNSITO,AUTOMOVIL,PARTICULAR
2023-12-03,2.0,Con heridos,Choque,,,175.0,C29,TRÁNSITO,AUTOMOVIL,PARTICULAR
2023-12-04,3.0,Con heridos,Choque,,,315.0,C02,TRÁNSITO,AUTOMOVIL,PARTICULAR
2023-12-05,7.0,Con heridos,Choque,,,336.0,C02,TRÁNSITO,AUTOMOVIL,PARTICULAR
2023-12-06,1.0,Con heridos,Choque,,,337.0,C02,TRÁNSITO,AUTOMOVIL,PARTICULAR
2023-12-07,5.0,Con heridos,Choque,,,303.0,C02,TRÁNSITO,AUTOMOVIL,PARTICULAR
2023-12-08,2.0,Con heridos,Choque,,,354.0,C29,TRÁNSITO,AUTOMOVIL,PARTICULAR
2023-12-09,6.0,Con heridos,Choque,,,231.0,C02,TRÁNSITO,AUTOMOVIL,PARTICULAR
2023-12-10,2.0,Con heridos,Choque,,,171.0,C29,TRÁNSITO,AUTOMOVIL,PARTICULAR
2023-12-11,4.0,Con heridos,Choque,,,305.0,C02,TRÁNSITO,AUTOMOVIL,PARTICULAR
2023-12-12,4.0,Con heridos,Choque,,,264.0,C02,TRÁNSITO,AUTOMOVIL,PARTICULAR
2023-12-13,9.0,Con heridos,Choque,,,288.0,C02,TRÁNSITO,AUTOMOVIL,PARTICULAR
2023-12-14,3.0,Con heridos,Choque,,,270.0,C02,TRÁNSITO,AUTOMOVIL,PARTICULAR
2023-12-15,1.0,Con heridos,Choque,,,323.0,C02,TRÁNSITO,AUTOMOVIL,PARTICULAR
2023-12-16,3.0,Con heridos,Choque,,,270.0,C02,TRÁNSITO,AUTOMOVIL,PARTICULAR
2023-12-17,2.0,Con heridos,Choque,,,153.0,C29,TRÁNSITO,AUTOMOVIL,PARTICULAR
2023-12-18,4.0,Con heridos,Choque,,,303.0,C02,TRÁNSITO,AUTOMOVIL,PARTICULAR
2023-12-19,2.0,Con heridos,Choque,,,371.0,C02,TRÁNSITO,AUTOMOVIL,PARTICULAR
2023-12-20,8.0,Con heridos,Choque,,,337.0,C02,TRÁNSITO,AUTOMOVIL,PARTICULAR
2023-12-21,8.0,Con heridos,Choque,,,325.0,C02,TRÁNSITO,AUTOMOVIL,PARTICULAR
2023-12-22,4.0,Con heridos,Choque,,,339.0,C02,TRÁNSITO,AUTOMOVIL,PARTICULAR
2023-12-23,6.0,Con heridos,Choque,,,315.0,C02,TRÁNSITO,AUTOMOVIL,PARTICULAR
2023-12-24,4.0,Con heridos,Choque,,,200.0,C29,TRÁNSITO,AUTOMOVIL,PARTICULAR
2023-12-25,3.0,Con heridos,Atropello,,,255.0,C29,TRÁNSITO,AUTOMOVIL,PARTICULAR
2023-12-26,8.0,Con heridos,Choque,,,303.0,C02,TRÁNSITO,AUTOMOVIL,PARTICULAR
2023-12-27,5.0,Con heridos,Choque,,,297.0,C02,TRÁNSITO,AUTOMOVIL,PARTICULAR
2023-12-28,2.0,Con heridos,Choque,,,303.0,C02,TRÁNSITO,AUTOMOVIL,PARTICULAR
2023-12-29,5.0,Con heridos,Choque,,,176.0,C29,TRÁNSITO,AUTOMOVIL,PARTICULAR
2023-12-30,2.0,Con heridos,Choque,,,197.0,C29,TRÁNSITO,AUTOMOVIL,PARTICULAR
2024-01-01,6.0,Con heridos,Choque,,,269.0,C29,TRÁNSITO,AUTOMOVIL,PARTICULAR
2024-01-02,1.0,Con heridos,Choque,,,260.0,C29,TRÁNSITO,AUTOMOVIL,PARTICULAR
2024-01-03,3.0,Con heridos,Choque,,,213.0,C02,TRÁNSITO,AUTOMOVIL,PARTICULAR
2024-01-04,3.0,Con heridos,Choque,,,229.0,C02,TRÁNSITO,AUTOMOVIL,PARTICULAR
2024-01-05,4.0,Con heridos,Choque,,,206.0,C02,TRÁNSITO,AUTOMOVIL,PARTICULAR
2024-01-06,7.0,Con heridos,Choque,,,175.0,C02,TRÁNSITO,AUTOMOVIL,PARTICULAR
2024-01-07,4.0,Con heridos,Choque,,,200.0,C29,TRÁNSITO,AUTOMOVIL,PARTICULAR
2024-01-08,4.0,Con heridos,Choque,,,229.0,C29,TRÁNSITO,AUTOMOVIL,PARTICULAR
2024-01-09,4.0,Con heridos,Choque,,,219.0,C02,TRÁNSITO,AUTOMOVIL,PARTICULAR
2024-01-10,3.0,Con heridos,Choque,,,254.0,C02,TRÁNSITO,AUTOMOVIL,PARTICULAR
2024-01-11,1.0,Con heridos,Choque,,,229.0,C02,TRÁNSITO,AUTOMOVIL,PARTICULAR
2024-01-12,2.0,Con heridos,Choque,,,217.0,C02,TRÁNSITO,AUTOMOVIL,PARTICULAR
2024-01-13,3.0,Con heridos,Choque,,,206.0,C02,TRÁNSITO,AUTOMOVIL,PARTICULAR
2024-01-14,3.0,Con heridos,Choque,,,192.0,C29,TRÁNSITO,AUTOMOVIL,PARTICULAR
2024-01-15,4.0,Con heridos,Choque,,,248.0,C02,TRÁNSITO,AUTOMOVIL,PARTICULAR
2024-01-16,5.0,Con heridos,Choque,,,231.0,C02,TRÁNSITO,AUTOMOVIL,PARTICULAR
2024-01-17,6.0,Con heridos,Choque,,,231.0,C02,TRÁNSITO,AUTOMOVIL,PARTICULAR
2024-01-19,11.0,Con heridos,Choque,,,274.0,C02,TRÁNSITO,AUTOMOVIL,PARTICULAR
2024-01-20,5.0,Con heridos,Choque,,,274.0,C02,TRÁNSITO,AUTOMOVIL,PARTICULAR
2024-01-21,5.0,Con heridos,Choque,,,195.0,C29,TRÁNSITO,AUTOMOVIL,PARTICULAR
2024-01-22,6.0,Con heridos,Choque,,,272.0,C02,TRÁNSITO,AUTOMOVIL,PARTICULAR
2024-01-23,4.0,Con heridos,Atropello,,,263.0,C02,TRÁNSITO,AUTOMOVIL,PARTICULAR
2024-01-24,11.0,Con heridos,Choque,,,249.0,C02,TRÁNSITO,AUTOMOVIL,PARTICULAR
2024-01-25,5.0,Con heridos,Choque,,,243.0,C02,TRÁNSITO,AUTOMOVIL,PARTICULAR
2024-01-26,7.0,Con heridos,Choque,,,269.0,C02,TRÁNSITO,AUTOMOVIL,PARTICULAR
2024-01-27,2.0,Con heridos,Atropello,,,271.0,C02,TRÁNSITO,AUTOMOVIL,PARTICULAR
2024-01-28,3.0,Con heridos,Choque,,,199.0,C29,TRÁNSITO,AUTOMOVIL,PARTICULAR
2024-01-29,5.0,Con heridos,Choque,,,257.0,C02,TRÁNSITO,AUTOMOVIL,PARTICULAR
2024-01-30,6.0,Con heridos,Choque,,,217.0,C02,TRÁNSITO,AUTOMOVIL,PARTICULAR
2024-02-01,6.0,Con heridos,Choque,,,217.0,C02,TRÁNSITO,AUTOMOVIL,PARTICULAR
2024-02-02,5.0,Con heridos,Choque,,,232.0,C02,TRÁNSITO,AUTOMOVIL,PARTICULAR
2024-02-03,8.0,Con heridos,Choque,,,232.0,C02,TRÁNSITO,AUTOMOVIL,PARTICULAR
2024-02-04,4.0,Con heridos,Choque,,,139.0,C29,TRÁNSITO,AUTOMOVIL,PARTICULAR
2024-02-05,2.0,Con heridos,Choque,,,284.0,C02,TRÁNSITO,AUTOMOVIL,PARTICULAR
2024-02-06,3.0,Con heridos,Choque,,,263.0,C02,TRÁNSITO,AUTOMOVIL,PARTICULAR
2024-02-07,1.0,Con heridos,Choque,,,353.0,C02,TRÁNSITO,AUTOMOVIL,PARTICULAR
2024-02-08,5.0,Con heridos,Choque,,,321.0,C02,TRÁNSITO,AUTOMOVIL,PARTICULAR
2024-02-09,5.0,Con heridos,Choque,,,305.0,C02,TRÁNSITO,AUTOMOVIL,PARTICULAR
2024-02-10,6.0,Con heridos,Choque,,,193.0,C29,TRÁNSITO,AUTOMOVIL,PARTICULAR
2024-02-11,3.0,Con heridos,Choque,,,225.0,C29,TRÁNSITO,AUTOMOVIL,PARTICULAR
2024-02-12,4.0,Con heridos,Choque,,,208.0,C29,TRÁNSITO,AUTOMOVIL,PARTICULAR
2024-02-13,4.0,Con heridos,Choque,,,195.0,C29,TRÁNSITO,AUTOMOVIL,PARTICULAR
2024-02-14,7.0,Con heridos,Choque,,,241.0,C02,TRÁNSITO,AUTOMOVIL,PARTICULAR
2024-02-15,2.0,Con heridos,Choque,,,179.0,C02,TRÁNSITO,AUTOMOVIL,PARTICULAR
2024-02-16,4.0,Con heridos,Choque,,,278.0,C02,TRÁNSITO,AUTOMOVIL,PARTICULAR
2024-02-17,4.0,Con heridos,Choque,,,217.0,C02,TRÁNSITO,AUTOMOVIL,PARTICULAR
2024-02-18,3.0,Con heridos,Choque,,,172.0,C29,TRÁNSITO,AUTOMOVIL,PARTICULAR
2024-02-19,7.0,Con heridos,Choque,,,276.0,C02,TRÁNSITO,AUTOMOVIL,PARTICULAR
2024-02-20,7.0,Con heridos,Choque,,,209.0,C02,TRÁNSITO,AUTOMOVIL,PARTICULAR
2024-02-21,4.0,Con heridos,Atropello,,,267.0,C02,TRÁNSITO,AUTOMOVIL,PARTICULAR
2024-02-22,7.0,Con heridos,Choque,,,255.0,C02,TRÁNSITO,AUTOMOVIL,PARTICULAR
2024-02-23,4.0,Con heridos,Choque,,,298.0,C02,TRÁNSITO,AUTOMOVIL,PARTICULAR
2024-02-24,4.0,Con heridos,Choque,,,196.0,C29,TRÁNSITO,AUTOMOVIL,PARTICULAR
2024-02-25,7.0,Con heridos,Choque,,,216.0,C29,TRÁNSITO,CAMIONETA,PARTICULAR
2024-02-26,3.0,Con heridos,Choque,,,262.0,C02,TRÁNSITO,AUTOMOVIL,PARTICULAR
2024-02-27,2.0,Con heridos,Choque,,,264.0,C02,TRÁNSITO,AUTOMOVIL,PARTICULAR
2024-02-28,3.0,Con heridos,Choque,,,233.0,C02,TRÁNSITO,AUTOMOVIL,PARTICULAR
2024-02-29,6.0,Con heridos,Choque,,,235.0,C02,TRÁNSITO,AUTOMOVIL,PARTICULAR
2024-03-01,4.0,Con heridos,Choque,,,234.0,C02,TRÁNSITO,AUTOMOVIL,PARTICULAR
2024-03-02,1.0,Con heridos,Choque,,,210.0,C02,TRÁNSITO,AUTOMOVIL,PARTICULAR
2024-03-03,5.0,Con heridos,Atropello,,,116.0,C29,TRÁNSITO,AUTOMOVIL,PARTICULAR
2024-03-04,3.0,Con heridos,Choque,,,235.0,C02,TRÁNSITO,AUTOMOVIL,PARTICULAR
2024-03-05,8.0,Con heridos,Choque,,,266.0,C02,TRÁNSITO,AUTOMOVIL,PARTICULAR
2024-03-06,6.0,Con heridos,Choque,,,271.0,C02,TRÁNSITO,AUTOMOVIL,PARTICULAR
2024-03-07,5.0,Con heridos,Choque,,,209.0,C02,TRÁNSITO,AUTOMOVIL,PARTICULAR
2024-03-08,7.0,Con heridos,Choque,,,298.0,C02,TRÁNSITO,AUTOMOVIL,PARTICULAR
2024-03-09,3.0,Con heridos,Choque,,,209.0,C02,TRÁNSITO,AUTOMOVIL,PARTICULAR
2024-03-10,3.0,Con heridos,Atropello,,,203.0,C29,TRÁNSITO,AUTOMOVIL,PARTICULAR
2024-03-11,5.0,Con heridos,Choque,,,266.0,C02,TRÁNSITO,AUTOMOVIL,PARTICULAR
2024-03-12,5.0,Con heridos,Choque,,,240.0,C02,TRÁNSITO,AUTOMOVIL,PARTICULAR
2024-03-13,7.0,Con heridos,Choque,,,298.0,C02,TRÁNSITO,AUTOMOVIL,PARTICULAR
2024-03-14,5.0,Con heridos,Choque,,,329.0,C02,TRÁNSITO,AUTOMOVIL,PARTICULAR
2024-03-15,1.0,Con heridos,Choque,,,318.0,C02,TRÁNSITO,AUTOMOVIL,PARTICULAR
2024-03-16,8.0,Con heridos,Choque,,,286.0,C02,TRÁNSITO,AUTOMOVIL,PARTICULAR
2024-03-17,5.0,Con heridos,Choque,,,206.0,C29,TRÁNSITO,AUTOMOVIL,PARTICULAR
2024-03-18,5.0,Con heridos,Choque,,,299.0,C02,TRÁNSITO,AUTOMOVIL,PARTICULAR
2024-03-19,4.0,Con heridos,Choque,,,298.0,C02,TRÁNSITO,AUTOMOVIL,PARTICULAR
2024-03-20,3.0,Con heridos,Choque,,,270.0,C02,TRÁNSITO,AUTOMOVIL,PARTICULAR
2024-03-21,6.0,Con heridos,Choque,,,321.0,C02,TRÁNSITO,AUTOMOVIL,PARTICULAR
2024-03-22,4.0,Con heridos,Choque,,,355.0,C02,TRÁNSITO,AUTOMOVIL,PARTICULAR
2024-03-23,3.0,Con heridos,Choque,,,319.0,C02,TRÁNSITO,AUTOMOVIL,PARTICULAR
2024-03-24,6.0,Con heridos,Choque,,,235.0,C29,TRÁNSITO,AUTOMOVIL,PARTICULAR
2024-03-25,6.0,Con heridos,Choque,,,259.0,C29,TRÁNSITO,AUTOMOVIL,PARTICULAR
2024-03-26,10.0,Con heridos,Choque,,,350.0,C02,TRÁNSITO,AUTOMOVIL,PARTICULAR
2024-03-27,3.0,Con heridos,Choque,,,319.0,C02,TRÁNSITO,AUTOMOVIL,PARTICULAR
2024-03-28,1.0,Con heridos,Choque,,,298.0,C29,TRÁNSITO,AUTOMOVIL,PARTICULAR
2024-03-29,1.0,Con heridos,Choque,,,236.0,C29,TRÁNSITO,AUTOMOVIL,PARTICULAR
2024-03-30,2.0,Con heridos,Choque,,,152.0,C29,TRÁNSITO,AUTOMOVIL,PARTICULAR
2024-03-31,2.0,Con heridos,Choque,,,215.0,C29,TRÁNSITO,AUTOMOVIL,PARTICULAR
2024-04-01,7.0,Con heridos,Choque,,,287.0,C02,TRÁNSITO,AUTOMOVIL,PARTICULAR
2024-04-03,4.0,Con heridos,Choque,,,312.0,C02,TRÁNSITO,AUTOMOVIL,PARTICULAR
2024-04-04,3.0,Con heridos,Choque,,,272.0,C02,TRÁNSITO,AUTOMOVIL,PARTICULAR
2024-04-05,4.0,Con heridos,Choque,,,233.0,C02,TRÁNSITO,AUTOMOVIL,PARTICULAR
2024-04-06,5.0,Con heridos,Choque,,,282.0,C02,TRÁNSITO,AUTOMOVIL,PARTICULAR
2024-04-07,4.0,Con heridos,Choque,,,147.0,C29,TRÁNSITO,AUTOMOVIL,PARTICULAR
2024-04-08,5.0,Con heridos,Choque,,,249.0,C02,TRÁNSITO,AUTOMOVIL,PARTICULAR
2024-04-09,10.0,Con heridos,Choque,,,276.0,C02,TRÁNSITO,AUTOMOVIL,PARTICULAR
2024-04-10,7.0,Con heridos,Choque,,,253.0,C02,TRÁNSITO,AUTOMOVIL,PARTICULAR
2024-04-11,4.0,Con heridos,Choque,,,293.0,C02,TRÁNSITO,AUTOMOVIL,PARTICULAR
2024-04-12,6.0,Con heridos,Choque,,,312.0,C02,TRÁNSITO,AUTOMOVIL,PARTICULAR
2024-04-13,4.0,Con heridos,Choque,,,261.0,C02,TRÁNSITO,AUTOMOVIL,PARTICULAR
2024-04-14,8.0,Con heridos,Choque,,,197.0,C29,TRÁNSITO,AUTOMOVIL,PARTICULAR
2024-04-15,2.0,Con heridos,Choque,,,400.0,C02,TRÁNSITO,AUTOMOVIL,PARTICULAR
2024-04-16,5.0,Con heridos,Choque,,,293.0,C02,TRÁNSITO,AUTOMOVIL,PARTICULAR
2024-04-18,3.0,Con heridos,Choque,,,340.0,C02,TRÁNSITO,AUTOMOVIL,PARTICULAR
2024-04-19,4.0,Con heridos,Choque,,,361.0,C02,TRÁNSITO,AUTOMOVIL,PARTICULAR
2024-04-20,3.0,Con heridos,Choque,,,288.0,C02,TRÁNSITO,AUTOMOVIL,PARTICULAR
2024-04-21,2.0,Con heridos,Choque,,,230.0,C29,TRÁNSITO,AUTOMOVIL,PARTICULAR
2024-04-22,2.0,Con heridos,Choque,,,440.0,C02,TRÁNSITO,AUTOMOVIL,PARTICULAR
2024-04-23,2.0,Con heridos,Choque,,,379.0,C02,TRÁNSITO,AUTOMOVIL,PARTICULAR
2024-04-25,5.0,Con heridos,Choque,,,277.0,C02,TRÁNSITO,AUTOMOVIL,PARTICULAR
2024-04-26,4.0,Con heridos,Atropello,,,250.0,C02,TRÁNSITO,AUTOMOVIL,PARTICULAR
2024-04-27,5.0,Con heridos,Choque,,,254.0,C02,TRÁNSITO,AUTOMOVIL,PARTICULAR
2024-04-29,2.0,Con heridos,Choque,,,258.0,C02,TRÁNSITO,AUTOMOVIL,PARTICULAR
2024-04-30,1.0,Con heridos,Choque,,,290.0,C02,TRÁNSITO,AUTOMOVIL,PARTICULAR
2024-05-01,3.0,Con heridos,Choque,,,199.0,C29,TRÁNSITO,AUTOMOVIL,PARTICULAR
2024-05-02,2.0,Con heridos,Choque,,,249.0,C02,TRÁNSITO,AUTOMOVIL,PARTICULAR
2024-05-03,4.0,Con heridos,Choque,,,313.0,C02,TRÁNSITO,AUTOMOVIL,PARTICULAR
2024-05-04,5.0,Con heridos,Choque,,,376.0,C02,TRÁNSITO,AUTOMOVIL,PARTICULAR
2024-05-05,6.0,Con heridos,Atropello,,,226.0,C29,TRÁNSITO,AUTOMOVIL,PARTICULAR
2024-05-06,2.0,Con heridos,Choque,,,374.0,C02,TRÁNSITO,AUTOMOVIL,PARTICULAR
2024-05-07,3.0,Con heridos,Choque,,,332.0,C02,TRÁNSITO,AUTOMOVIL,PARTICULAR
2024-05-08,5.0,Con heridos,Choque,,,245.0,C02,TRÁNSITO,AUTOMOVIL,PARTICULAR
2024-05-09,2.0,Con heridos,Choque,,,244.0,C02,TRÁNSITO,AUTOMOVIL,PARTICULAR
2024-05-10,2.0,Con heridos,Choque,,,394.0,C02,TRÁNSITO,AUTOMOVIL,PARTICULAR
2024-05-11,6.0,Con heridos,Choque,,,371.0,C02,TRÁNSITO,AUTOMOVIL,PARTICULAR
2024-05-12,1.0,Con heridos,Choque,,,196.0,C29,TRÁNSITO,AUTOMOVIL,PARTICULAR
2024-05-13,2.0,Con heridos,Choque,,,244.0,C29,TRÁNSITO,AUTOMOVIL,PARTICULAR
2024-05-14,3.0,Con heridos,Choque,,,389.0,C02,TRÁNSITO,AUTOMOVIL,PARTICULAR
2024-05-15,2.0,Con heridos,Atropello,,,348.0,C02,TRÁNSITO,AUTOMOVIL,PARTICULAR
2024-05-16,4.0,Con heridos,Choque,,,306.0,C02,TRÁNSITO,AUTOMOVIL,PARTICULAR
2024-05-17,4.0,Con heridos,Choque,,,325.0,C02,TRÁNSITO,AUTOMOVIL,PARTICULAR
2024-05-18,5.0,Con heridos,Choque,,,272.0,C02,TRÁNSITO,AUTOMOVIL,PARTICULAR
2024-05-19,2.0,Con heridos,Atropello,,,241.0,C29,TRÁNSITO,AUTOMOVIL,PARTICULAR
2024-05-20,3.0,Con heridos,Choque,,,335.0,C02,TRÁNSITO,AUTOMOVIL,PARTICULAR
2024-05-21,3.0,Con heridos,Choque,,,294.0,C02,TRÁNSITO,AUTOMOVIL,PARTICULAR
2024-05-22,5.0,Con heridos,Atropello,,,217.0,C02,TRÁNSITO,AUTOMOVIL,PARTICULAR
2024-05-23,5.0,Con heridos,Choque,,,284.0,C02,TRÁNSITO,AUTOMOVIL,PARTICULAR
2024-05-24,3.0,Con heridos,Choque,,,293.0,C02,TRÁNSITO,AUTOMOVIL,PARTICULAR
2024-05-25,2.0,Con heridos,Atropello,,,275.0,C02,TRÁNSITO,AUTOMOVIL,PARTICULAR
2024-05-26,2.0,Con heridos,Choque,,,215.0,C29,TRÁNSITO,AUTOMOVIL,PARTICULAR
2024-05-27,9.0,Con heridos,Choque,,,298.0,C02,TRÁNSITO,AUTOMOVIL,PARTICULAR
2024-05-28,4.0,Con heridos,Choque,,,282.0,C02,TRÁNSITO,AUTOMOVIL,PARTICULAR
2024-05-29,2.0,Con heridos,Atropello,,,232.0,C02,TRÁNSITO,AUTOMOVIL,PARTICULAR
2024-05-30,4.0,Con heridos,Choque,,,201.0,C02,TRÁNSITO,AUTOMOVIL,PARTICULAR
2024-05-31,4.0,Con heridos,Choque,,,257.0,C02,TRÁNSITO,AUTOMOVIL,PARTICULAR
2024-06-01,8.0,Con heridos,Choque,,,253.0,C02,TRÁNSITO,AUTOMOVIL,PARTICULAR
2024-06-02,5.0,Con heridos,Choque,,,246.0,C29,TRÁNSITO,AUTOMOVIL,PARTICULAR
2024-06-03,2.0,Con heridos,Choque,,,246.0,C29,TRÁNSITO,AUTOMOVIL,PARTICULAR
2024-06-05,7.0,Con heridos,Choque,,,244.0,C02,TRÁNSITO,AUTOMOVIL,PARTICULAR
2024-06-06,7.0,Con heridos,Choque,,,240.0,C02,TRÁNSITO,AUTOMOVIL,PARTICULAR
2024-06-07,3.0,Con heridos,Choque,,,246.0,C02,TRÁNSITO,AUTOMOVIL,PARTICULAR
2024-06-08,5.0,Con heridos,Choque,,,217.0,C02,TRÁNSITO,AUTOMOVIL,PARTICULAR
2024-06-09,2.0,Con heridos,Atropello,,,243.0,C29,TRÁNSITO,AUTOMOVIL,PARTICULAR