FECHA,ACCIDENTES,GRAVEDAD_ACCIDENTE,CLASE_ACCIDENTE,PRECIPITACION_MM,LLUVIA,COMPARENDOS,COD_INFRACCION,TIPO_INFRACCION,CLASE_VEHICULO_INFRACTOR,SERVICIO_VEHICULO_INFRACTOR
2025-10-05,7.0,Con heridos,Choque,,,88.0,C29,TRÁNSITO,AUTOMOVIL,PARTICULAR
2025-10-06,7.0,Con heridos,Choque,,,211.0,C02,TRÁNSITO,AUTOMOVIL,PARTICULAR
2025-10-07,7.0,Con heridos,Choque,,,286.0,C02,TRÁNSITO,AUTOMOVIL,PARTICULAR
2025-10-08,6.0,Con heridos,Choque,,,250.0,C02,TRÁNSITO,AUTOMOVIL,PARTICULAR
2025-10-09,6.0,Con heridos,Choque,,,233.0,C02,TRÁNSITO,AUTOMOVIL,PARTICULAR
2025-10-10,10.0,Con heridos,Choque,,,231.0,C02,TRÁNSITO,AUTOMOVIL,PARTICULAR
2025-10-11,6.0,Con heridos,Choque,,,204.0,C02,TRÁNSITO,AUTOMOVIL,PARTICULAR
2025-10-12,3.0,Con heridos,Choque,,,89.0,C29,TRÁNSITO,AUTOMOVIL,PARTICULAR
2025-10-13,6.0,Con heridos,Choque,,,82.0,C29,TRÁNSITO,AUTOMOVIL,PARTICULAR
2025-10-14,5.0,Con heridos,Choque,,,225.0,C02,TRÁNSITO,AUTOMOVIL,PARTICULAR
2025-10-15,2.0,Con heridos,Choque,,,226.0,C02,TRÁNSITO,AUTOMOVIL,PARTICULAR
2025-10-16,4.0,Con heridos,Choque,,,228.0,C02,TRÁNSITO,AUTOMOVIL,PARTICULAR
2025-10-17,4.0,Con heridos,Choque,,,304.0,C02,TRÁNSITO,AUTOMOVIL,PARTICULAR
2025-10-18,4.0,Con heridos,Choque,,,216.0,C02,TRÁNSITO,AUTOMOVIL,PARTICULAR
2025-10-19,7.0,Con heridos,Choque,,,80.0,C29,TRÁNSITO,AUTOMOVIL,PARTICULAR
2025-10-20,5.0,Con heridos,Choque,,,178.0,C02,TRÁNSITO,AUTOMOVIL,PARTICULAR
2025-10-21,6.0,Con heridos,Choque,,,256.0,C02,TRÁNSITO,AUTOMOVIL,PARTICULAR
2025-10-22,7.0,Con heridos,Choque,,,261.0,C02,TRÁNSITO,AUTOMOVIL,PARTICULAR
2025-10-23,9.0,Con heridos,Choque,,,198.0,C02,TRÁNSITO,AUTOMOVIL,PARTICULAR
2025-10-24,13.0,Con heridos,Choque,,,218.0,C02,TRÁNSITO,AUTOMOVIL,PARTICULAR
2025-10-25,9.0,Con heridos,Choque,,,229.0,C02,TRÁNSITO,AUTOMOVIL,PARTICULAR
2025-10-26,7.0,Con heridos,Choque,,,109.0,C29,TRÁNSITO,AUTOMOVIL,PARTICULAR
2025-10-27,5.0,Con heridos,Choque,,,246.0,C02,TRÁNSITO,AUTOMOVIL,PARTICULAR
2025-10-28,7.0,Con heridos,Choque,,,252.0,C02,TRÁNSITO,AUTOMOVIL,PARTICULAR
2025-10-29,3.0,Con heridos,Atropello,,,221.0,C02,TRÁNSITO,AUTOMOVIL,PARTICULAR
2025-10-30,5.0,Con heridos,Choque,,,193.0,C02,TRÁNSITO,AUTOMOVIL,PARTICULAR
2025-10-31,6.0,Con heridos,Choque,,,209.0,C02,TRÁNSITO,AUTOMOVIL,PARTICULAR
2025-11-01,3.0,Con heridos,Choque,,,168.0,C02,TRÁNSITO,AUTOMOVIL,PARTICULAR
2025-11-02,11.0,Con heridos,Choque,,,38.0,C14,TRÁNSITO,AUTOMOVIL,PARTICULAR
2025-11-03,3.0,Con heridos,Choque,,,22.0,C14,TRÁNSITO,AUTOMOVIL,PARTICULAR
2025-11-04,11.0,Con heridos,Choque,,,162.0,C02,TRÁNSITO,AUTOMOVIL,PARTICULAR
2025-11-05,5.0,Con heridos,Choque,,,172.0,C02,TRÁNSITO,AUTOMOVIL,PARTICULAR
2025-11-06,9.0,Con heridos,Choque,,,311.0,C02,TRÁNSITO,AUTOMOVIL,PARTICULAR
2025-11-07,2.0,Con heridos,Atropello,,,233.0,C02,TRÁNSITO,AUTOMOVIL,PARTICULAR
2025-11-08,8.0,Con heridos,Choque,,,251.0,C02,TRÁNSITO,AUTOMOVIL,PARTICULAR
2025-11-09,10.0,Con heridos,Choque,,,84.0,C29,TRÁNSITO,AUTOMOVIL,PARTICULAR
2025-11-10,2.0,Con heridos,Choque,,,177.0,C02,TRÁNSITO,AUTOMOVIL,PARTICULAR
2025-11-11,6.0,Con heridos,Choque,,,121.0,C29,TRÁNSITO,AUTOMOVIL,PARTICULAR
2025-11-12,5.0,Con heridos,Choque,,,221.0,C02,TRÁNSITO,AUTOMOVIL,PARTICULAR
2025-11-13,8.0,Con heridos,Choque,,,361.0,C02,TRÁNSITO,AUTOMOVIL,PARTICULAR
2025-11-14,6.0,Con heridos,Choque,,,243.0,C02,TRÁNSITO,AUTOMOVIL,PARTICULAR
2025-11-15,3.0,Con heridos,Choque,,,309.0,C02,TRÁNSITO,AUTOMOVIL,PARTICULAR
2025-11-16,4.0,Con heridos,Choque,,,136.0,C29,TRÁNSITO,AUTOMOVIL,PARTICULAR
2025-11-17,4.0,Con heridos,Choque,,,69.0,C29,TRÁNSITO,AUTOMOVIL,PARTICULAR
2025-11-18,6.0,Con heridos,Choque,,,223.0,C02,TRÁNSITO,AUTOMOVIL,PARTICULAR
2025-11-19,1.0,Con heridos,Choque,,,215.0,C02,TRÁNSITO,AUTOMOVIL,PARTICULAR
2025-11-20,8.0,Con heridos,Choque,,,236.0,C02,TRÁNSITO,AUTOMOVIL,PARTICULAR
2025-11-21,4.0,Con heridos,Choque,,,232.0,C02,TRÁNSITO,AUTOMOVIL,PARTICULAR
2025-11-22,3.0,Con heridos,Choque,,,236.0,C02,TRÁNSITO,AUTOMOVIL,PARTICULAR
2025-11-23,8.0,Con heridos,Choque,,,78.0,C29,TRÁNSITO,AUTOMOVIL,PARTICULAR
2025-11-24,4.0,Con heridos,Choque,,,169.0,C02,TRÁNSITO,AUTOMOVIL,PARTICULAR
2025-11-25,6.0,Con heridos,Choque,,,143.0,C02,TRÁNSITO,AUTOMOVIL,PARTICULAR
2025-11-26,6.0,Con heridos,Choque,,,176.0,C02,TRÁNSITO,AUTOMOVIL,PARTICULAR
2025-11-27,7.0,Con heridos,Choque,,,134.0,C02,TRÁNSITO,AUTOMOVIL,PARTICULAR
2025-11-28,7.0,Con heridos,Choque,,,202.0,C02,TRÁNSITO,AUTOMOVIL,PARTICULAR
2025-11-29,4.0,Con heridos,Choque,,,149.0,C02,TRÁNSITO,AUTOMOVIL,PARTICULAR
2025-11-30,4.0,Con heridos,Choque,,,60.0,C29,TRÁNSITO,AUTOMOVIL,PARTICULAR
2025-12-01,2.0,Con heridos,Choque,,,208.0,C02,TRÁNSITO,AUTOMOVIL,PARTICULAR
2025-12-02,6.0,Con heridos,Choque,,,171.0,C02,TRÁNSITO,AUTOMOVIL,PARTICULAR
2025-12-03,4.0,Con heridos,Choque,,,199.0,C02,TRÁNSITO,AUTOMOVIL,PARTICULAR
2025-12-04,2.0,Con heridos,Choque,,,184.0,C02,TRÁNSITO,AUTOMOVIL,PARTICULAR
2025-12-05,7.0,Con heridos,Choque,,,181.0,C02,TRÁNSITO,AUTOMOVIL,PARTICULAR
2025-12-06,6.0,Con heridos,Choque,,,178.0,C02,TRÁNSITO,AUTOMOVIL,PARTICULAR
2025-12-07,4.0,Con heridos,Choque,,,85.0,C29,TRÁNSITO,AUTOMOVIL,PARTICULAR
2025-12-08,8.0,Con heridos,Choque,,,123.0,C29,TRÁNSITO,AUTOMOVIL,PARTICULAR
2025-12-09,3.0,Con heridos,Choque,,,160.0,C02,TRÁNSITO,AUTOMOVIL,PARTICULAR
2025-12-10,3.0,Con heridos,Choque,,,180.0,C02,TRÁNSITO,AUTOMOVIL,PARTICULAR
2025-12-11,8.0,Con heridos,Choque,,,176.0,C02,TRÁNSITO,AUTOMOVIL,PARTICULAR
2025-12-12,7.0,Con heridos,Choque,,,184.0,C02,TRÁNSITO,AUTOMOVIL,PARTICULAR
2025-12-13,8.0,Con heridos,Choque,,,159.0,C02,TRÁNSITO,AUTOMOVIL,PARTICULAR
2025-12-14,2.0,Con heridos,Choque,,,53.0,C29,TRÁNSITO,AUTOMOVIL,PARTICULAR
2025-12-15,4.0,Con heridos,Choque,,,230.0,C02,TRÁNSITO,AUTOMOVIL,PARTICULAR
2025-12-16,7.0,Con heridos,Choque,,,208.0,C02,TRÁNSITO,AUTOMOVIL,PARTICULAR
2025-12-17,9.0,Con heridos,Choque,,,192.0,C02,TRÁNSITO,AUTOMOVIL,PARTICULAR
2025-12-18,10.0,Con heridos,Choque,,,139.0,C02,TRÁNSITO,AUTOMOVIL,PARTICULAR
2025-12-19,10.0,Con heridos,Choque,,,59.0,C29,TRÁNSITO,AUTOMOVIL,PARTICULAR
2025-12-20,6.0,Con heridos,Choque,,,43.0,C29,TRÁNSITO,AUTOMOVIL,PARTICULAR
2025-12-21,5.0,Con heridos,Atropello,,,73.0,C29,TRÁNSITO,AUTOMOVIL,PARTICULAR
2025-12-22,5.0,Con heridos,Choque,,,71.0,C29,TRÁNSITO,AUTOMOVIL,PARTICULAR
2025-12-23,4.0,Con heridos,Choque,,,88.0,C02,TRÁNSITO,AUTOMOVIL,PARTICULAR
2025-12-24,9.0,Con heridos,Choque,,,105.0,C02,TRÁNSITO,AUTOMOVIL,PARTICULAR
2025-12-25,2.0,Con heridos,Atropello,,,89.0,C29,TRÁNSITO,AUTOMOVIL,PARTICULAR
2025-12-26,4.0,Con heridos,Choque,,,135.0,C02,TRÁNSITO,AUTOMOVIL,PARTICULAR
2025-12-27,5.0,Con heridos,Choque,,,135.0,C02,TRÁNSITO,AUTOMOVIL,PARTICULAR
2025-12-28,3.0,Con heridos,Choque,,,65.0,C29,TRÁNSITO,AUTOMOVIL,PARTICULAR
2025-12-29,2.0,Con heridos,Choque,,,158.0,C02,TRÁNSITO,AUTOMOVIL,PARTICULAR
2025-12-30,2.0,Con heridos,Choque,,,188.0,C02,TRÁNSITO,AUTOMOVIL,PARTICULAR
2025-12-31,4.0,Con heridos,Choque,,,134.0,C02,TRÁNSITO,AUTOMOVIL,PARTICULAR
2026-01-01,3.0,Con heridos,Choque,,,134.0,C29,TRÁNSITO,AUTOMOVIL,PARTICULAR
2026-01-02,6.0,Con heridos,Choque,,,94.0,C29,TRÁNSITO,AUTOMOVIL,PARTICULAR
2026-01-03,1.0,Con heridos,Choque,,,58.0,C29,TRÁNSITO,AUTOMOVIL,PARTICULAR
2026-01-04,1.0,Solo daños,Choque,,,124.0,C29,TRÁNSITO,AUTOMOVIL,PARTICULAR
2026-01-05,3.0,Con heridos,Choque,,,190.0,C02,TRÁNSITO,AUTOMOVIL,PARTICULAR
2026-01-06,7.0,Con heridos,Choque,,,178.0,C02,TRÁNSITO,AUTOMOVIL,PARTICULAR
2026-01-07,5.0,Con heridos,Choque,,,202.0,C02,TRÁNSITO,AUTOMOVIL,PARTICULAR
2026-01-08,2.0,Con heridos,Choque,,,165.0,C02,TRÁNSITO,AUTOMOVIL,PARTICULAR
2026-01-09,4.0,Con heridos,Choque,,,206.0,C02,TRÁNSITO,AUTOMOVIL,PARTICULAR
2026-01-10,6.0,Con heridos,Choque,,,169.0,C02,TRÁNSITO,AUTOMOVIL,PARTICULAR
2026-01-11,3.0,Con heridos,Choque,,,55.0,C29,TRÁNSITO,AUTOMOVIL,PARTICULAR
2026-01-12,2.0,Con heridos,Atropello,,,69.0,C29,TRÁNSITO,AUTOMOVIL,PARTICULAR
2026-01-13,2.0,Con heridos,Choque,,,209.0,C02,TRÁNSITO,AUTOMOVIL,PARTICULAR
2026-01-14,7.0,Con heridos,Choque,,,184.0,C02,TRÁNSITO,AUTOMOVIL,PARTICULAR
2026-01-15,3.0,Con heridos,Atropello,,,176.0,C02,TRÁNSITO,AUTOMOVIL,PARTICULAR
2026-01-16,1.0,Con heridos,Choque,,,225.0,C02,TRÁNSITO,AUTOMOVIL,PARTICULAR
2026-01-17,3.0,Con heridos,Choque,,,195.0,C02,TRÁNSITO,AUTOMOVIL,PARTICULAR
2026-01-18,2.0,Con heridos,Choque,,,81.0,C29,TRÁNSITO,AUTOMOVIL,PARTICULAR
2026-01-19,2.0,Con heridos,Choque,,,215.0,C02,TRÁNSITO,AUTOMOVIL,PARTICULAR
2026-01-20,4.0,Con heridos,Choque,,,214.0,C02,TRÁNSITO,AUTOMOVIL,PARTICULAR
2026-01-21,4.0,Con heridos,Choque,,,182.0,C02,TRÁNSITO,AUTOMOVIL,PARTICULAR
2026-01-22,8.0,Con heridos,Choque,,,209.0,C02,TRÁNSITO,AUTOMOVIL,PARTICULAR
2026-01-23,8.0,Con heridos,Choque,,,172.0,C02,TRÁNSITO,AUTOMOVIL,PARTICULAR
2026-01-24,4.0,Con heridos,Choque,,,196.0,C02,TRÁNSITO,AUTOMOVIL,PARTICULAR
2026-01-25,5.0,Con heridos,Choque,,,87.0,C29,TRÁNSITO,AUTOMOVIL,PARTICULAR
2026-01-26,7.0,Con heridos,Choque,,,222.0,C02,TRÁNSITO,AUTOMOVIL,PARTICULAR
2026-01-27,8.0,Con heridos,Choque,,,176.0,C02,TRÁNSITO,AUTOMOVIL,PARTICULAR
2026-01-28,4.0,Con heridos,Choque,,,206.0,C02,TRÁNSITO,AUTOMOVIL,PARTICULAR
2026-01-29,4.0,Con heridos,Choque,,,205.0,C02,TRÁNSITO,AUTOMOVIL,PARTICULAR
2026-01-30,11.0,Con heridos,Choque,,,208.0,C02,TRÁNSITO,AUTOMOVIL,PARTICULAR
2026-01-31,7.0,Con heridos,Choque,,,198.0,C02,TRÁNSITO,AUTOMOVIL,PARTICULAR
2026-02-01,2.0,Con heridos,Choque,,,87.0,C29,TRÁNSITO,AUTOMOVIL,PARTICULAR
2026-02-02,5.0,Con heridos,Choque,,,83.0,C02,TRÁNSITO,AUTOMOVIL,PARTICULAR
2026-02-03,5.0,Con heridos,Choque,,,149.0,C02,TRÁNSITO,AUTOMOVIL,PARTICULAR
2026-02-04,6.0,Con heridos,Choque,,,161.0,C02,TRÁNSITO,AUTOMOVIL,PARTICULAR
2026-02-05,5.0,Con heridos,Choque,,,184.0,C02,TRÁNSITO,AUTOMOVIL,PARTICULAR
2026-02-06,6.0,Con heridos,Choque,,,109.0,C02,TRÁNSITO,AUTOMOVIL,PARTICULAR
2026-02-07,5.0,Con heridos,Choque,,,166.0,C02,TRÁNSITO,AUTOMOVIL,PARTICULAR
2026-02-08,6.0,Con heridos,Choque,,,85.0,C29,TRÁNSITO,AUTOMOVIL,PARTICULAR
2026-02-09,6.0,Con heridos,Choque,,,148.0,C02,TRÁNSITO,AUTOMOVIL,PARTICULAR
2026-02-10,4.0,Con heridos,Choque,,,152.0,C02,TRÁNSITO,AUTOMOVIL,PARTICULAR
2026-02-11,4.0,Con heridos,Choque,,,172.0,C02,TRÁNSITO,AUTOMOVIL,PARTICULAR
2026-02-12,6.0,Con heridos,Choque,,,154.0,C02,TRÁNSITO,AUTOMOVIL,PARTICULAR
2026-02-13,5.0,Con heridos,Choque,,,114.0,C02,TRÁNSITO,AUTOMOVIL,PARTICULAR
2026-02-14,7.0,Con heridos,Choque,,,40.0,C29,TRÁNSITO,AUTOMOVIL,PARTICULAR
2026-02-15,8.0,Con heridos,Choque,,,57.0,C29,TRÁNSITO,AUTOMOVIL,PARTICULAR
2026-02-16,2.0,Con heridos,Atropello,,,25.0,C29,TRÁNSITO,AUTOMOVIL,PARTICULAR
2026-02-17,5.0,Con heridos,Choque,,,50.0,C29,TRÁNSITO,AUTOMOVIL,PARTICULAR
2026-02-18,2.0,Con heridos,Choque,,,157.0,C02,TRÁNSITO,AUTOMOVIL,PARTICULAR
2026-02-19,3.0,Con heridos,Choque,,,128.0,C02,TRÁNSITO,AUTOMOVIL,PARTICULAR
2026-02-20,3.0,Con heridos,Choque,,,146.0,C02,TRÁNSITO,AUTOMOVIL,PARTICULAR
2026-02-21,8.0,Con heridos,Choque,,,186.0,C02,TRÁNSITO,AUTOMOVIL,PARTICULAR
2026-02-23,6.0,Con heridos,Choque,,,192.0,C02,TRÁNSITO,AUTOMOVIL,PARTICULAR
2026-02-24,3.0,Con heridos,Choque,,,175.0,C02,TRÁNSITO,AUTOMOVIL,PARTICULAR
2026-02-25,3.0,Con heridos,Choque,,,237.0,C02,TRÁNSITO,AUTOMOVIL,PARTICULAR
2026-02-26,6.0,Con heridos,Choque,,,229.0,C02,TRÁNSITO,AUTOMOVIL,PARTICULAR
2026-02-27,6.0,Con heridos,Choque,,,217.0,C02,TRÁNSITO,AUTOMOVIL,PARTICULAR
2026-02-28,5.0,Con heridos,Choque,,,213.0,C02,TRÁNSITO,AUTOMOVIL,PARTICULAR
2026-03-06,2.0,Con heridos,Choque,,,211.0,C02,TRÁNSITO,AUTOMOVIL,PARTICULAR
2026-03-08,2.0,Con heridos,Choque,,,111.0,C29,TRÁNSITO,AUTOMOVIL,PARTICULAR
2026-03-10,1.0,Con heridos,Choque,,,194.0,C02,TRÁNSITO,AUTOMOVIL,PARTICULAR
2026-03-11,2.0,Con heridos,Choque,,,183.0,C02,TRÁNSITO,AUTOMOVIL,PARTICULAR
2026-03-12,1.0,Con heridos,Atropello,,,216.0,C02,TRÁNSITO,AUTOMOVIL,PARTICULAR
2026-03-14,1.0,Con heridos,Choque,,,194.0,C02,TRÁNSITO,AUTOMOVIL,PARTICULAR
2026-03-15,1.0,Con muertos,Choque,,,83.0,C29,TRÁNSITO,AUTOMOVIL,PARTICULAR
2026-03-16,1.0,Con heridos,Choque,,,236.0,C02,TRÁNSITO,AUTOMOVIL,PARTICULAR
2026-03-17,3.0,Con muertos,Choque,,,229.0,C02,TRÁNSITO,AUTOMOVIL,PARTICULAR
2026-03-18,4.0,Con heridos,Choque,,,206.0,C02,TRÁNSITO,AUTOMOVIL,PARTICULAR
2026-03-19,2.0,Con heridos,Choque,,,203.0,C02,TRÁNSITO,AUTOMOVIL,PARTICULAR
2026-03-20,1.0,Con heridos,Atropello,,,216.0,C02,TRÁNSITO,AUTOMOVIL,PARTICULAR
2026-03-21,2.0,Con heridos,Choque,,,174.0,C02,TRÁNSITO,AUTOMOVIL,PARTICULAR
2026-03-22,2.0,Con heridos,Choque,,,63.0,C29,TRÁNSITO,AUTOMOVIL,PARTICULAR
2026-03-24,3.0,Con heridos,Choque,,,185.0,C02,TRÁNSITO,AUTOMOVIL,PARTICULAR
2026-03-25,3.0,Con heridos,Choque,,,190.0,C02,TRÁNSITO,AUTOMOVIL,PARTICULAR
2026-03-26,2.0,Con heridos,Choque,,,249.0,C02,TRÁNSITO,AUTOMOVIL,PARTICULAR
2026-03-27,2.0,Con heridos,Atropello,,,176.0,C02,TRÁNSITO,AUTOMOVIL,PARTICULAR
2026-03-28,2.0,Con heridos,Choque,,,219.0,C02,TRÁNSITO,AUTOMOVIL,PARTICULAR
2026-03-29,4.0,Con heridos,Choque,,,108.0,C29,TRÁNSITO,AUTOMOVIL,PARTICULAR
2026-03-30,1.0,Con muertos,Atropello,,,218.0,C02,TRÁNSITO,AUTOMOVIL,PARTICULAR
2026-03-31,1.0,Con heridos,Choque,,,195.0,C02,TRÁNSITO,AUTOMOVIL,PARTICULAR
2026-04-01,4.0,Con heridos,Choque,,,202.0,C02,TRÁNSITO,AUTOMOVIL,PARTICULAR
2026-04-02,3.0,Con heridos,Choque,,,96.0,C29,TRÁNSITO,AUTOMOVIL,PARTICULAR
2026-04-03,2.0,Con heridos,Choque,,,135.0,C29,TRÁNSITO,AUTOMOVIL,PARTICULAR
2026-04-04,3.0,Con heridos,Choque,,,80.0,C29,TRÁNSITO,AUTOMOVIL,PARTICULAR
2026-04-06,4.0,Con heridos,Choque,,,202.0,C02,TRÁNSITO,AUTOMOVIL,PARTICULAR
2026-04-07,2.0,Con heridos,Choque,,,204.0,C02,TRÁNSITO,AUTOMOVIL,PARTICULAR
2026-04-10,4.0,Con heridos,Choque,,,195.0,C02,TRÁNSITO,AUTOMOVIL,PARTICULAR
2026-04-11,3.0,Con heridos,Choque,,,202.0,C02,TRÁNSITO,AUTOMOVIL,PARTICULAR
2026-04-12,3.0,Con heridos,Choque,,,87.0,C29,TRÁNSITO,AUTOMOVIL,PARTICULAR
2026-04-13,1.0,Con heridos,Choque,,,194.0,C02,TRÁNSITO,AUTOMOVIL,PARTICULAR
2026-04-14,1.0,Con heridos,Choque,,,205.0,C02,TRÁNSITO,AUTOMOVIL,PARTICULAR
2026-04-15,4.0,Con heridos,Choque,,,228.0,C02,TRÁNSITO,AUTOMOVIL,PARTICULAR
2026-04-16,2.0,Con heridos,Choque,,,166.0,C02,TRÁNSITO,AUTOMOVIL,PARTICULAR
2026-04-17,4.0,Con heridos,Atropello,,,168.0,C02,TRÁNSITO,AUTOMOVIL,PARTICULAR
2026-04-18,1.0,Con heridos,Choque,,,145.0,C02,TRÁNSITO,AUTOMOVIL,PARTICULAR
2026-04-19,1.0,Con heridos,Choque,,,79.0,C29,TRÁNSITO,AUTOMOVIL,PARTICULAR
2026-04-20,1.0,Con heridos,Choque,,,157.0,C02,TRÁNSITO,AUTOMOVIL,PARTICULAR
2026-04-22,3.0,Con heridos,Choque,,,179.0,C02,TRÁNSITO,AUTOMOVIL,PARTICULAR
2026-04-23,3.0,Con heridos,Choque,,,162.0,C02,TRÁNSITO,AUTOMOVIL,PARTICULAR
2026-04-24,3.0,Con heridos,Choque,,,185.0,C02,TRÁNSITO,AUTOMOVIL,PARTICULAR
2026-04-25,2.0,Con heridos,Choque,,,161.0,C02,TRÁNSITO,AUTOMOVIL,PARTICULAR
2026-04-26,2.0,Con heridos,Atropello,,,115.0,C29,TRÁNSITO,AUTOMOVIL,PARTICULAR
2026-04-27,5.0,Con heridos,Choque,,,179.0,C02,TRÁNSITO,AUTOMOVIL,PARTICULAR
2026-04-28,3.0,Con heridos,Choque,,,134.0,C02,TRÁNSITO,AUTOMOVIL,PARTICULAR
2026-04-29,2.0,Con heridos,Choque,,,143.0,C02,TRÁNSITO,AUTOMOVIL,PARTICULAR
2026-04-30,1.0,Con muertos,Choque,,,152.0,C02,TRÁNSITO,AUTOMOVIL,PARTICULAR
2026-05-01,2.0,Con heridos,Atropello,,,81.0,C29,TRÁNSITO,AUTOMOVIL,PARTICULAR
2026-05-02,4.0,Con heridos,Choque,,,163.0,C02,TRÁNSITO,AUTOMOVIL,PARTICULAR
2026-05-04,1.0,Con heridos,Atropello,,,155.0,C02,TRÁNSITO,AUTOMOVIL,PARTICULAR
2026-05-05,6.0,Con heridos,Choque,,,168.0,C02,TRÁNSITO,AUTOMOVIL,PARTICULAR
2026-05-06,2.0,Con heridos,Choque,,,188.0,C02,TRÁNSITO,AUTOMOVIL,PARTICULAR
2026-05-07,4.0,Con heridos,Choque,,,157.0,C02,TRÁNSITO,AUTOMOVIL,PARTICULAR
2026-05-08,4.0,Con heridos,Choque,,,131.0,C02,TRÁNSITO,AUTOMOVIL,PARTICULAR
2026-05-09,4.0,Con heridos,Choque,,,138.0,C02,TRÁNSITO,AUTOMOVIL,PARTICULAR
2026-05-10,2.0,Con heridos,Choque,,,26.0,C29,TRÁNSITO,CAMIONETA,PARTICULAR
2026-05-11,3.0,Con heridos,Choque,,,142.0,C02,TRÁNSITO,AUTOMOVIL,PARTICULAR
2026-05-12,6.0,Con heridos,Choque,,,156.0,C02,TRÁNSITO,AUTOMOVIL,PARTICULAR
2026-05-13,2.0,Con heridos,Choque,,,185.0,C02,TRÁNSITO,AUTOMOVIL,PARTICULAR
2026-05-14,4.0,Con heridos,Choque,,,168.0,C02,TRÁNSITO,AUTOMOVIL,PARTICULAR
2026-05-15,1.0,Con heridos,Choque,,,198.0,C02,TRÁNSITO,AUTOMOVIL,PARTICULAR
2026-05-16,2.0,Con heridos,Choque,,,170.0,C02,TRÁNSITO,AUTOMOVIL,PARTICULAR
2026-05-17,1.0,Con heridos,Choque,,,75.0,C29,TRÁNSITO,AUTOMOVIL,PARTICULAR
2026-05-18,4.0,Con heridos,Choque,,,76.0,C29,TRÁNSITO,AUTOMOVIL,PARTICULAR
2026-05-19,2.0,Con heridos,Choque,,,183.0,C02,TRÁNSITO,AUTOMOVIL,PARTICULAR
2026-05-20,2.0,Con heridos,Choque,,,186.0,C02,TRÁNSITO,AUTOMOVIL,PARTICULAR
2026-05-21,1.0,Con heridos,Choque,,,173.0,C02,TRÁNSITO,AUTOMOVIL,PARTICULAR
2026-05-22,5.0,Con heridos,Choque,,,124.0,C02,TRÁNSITO,AUTOMOVIL,PARTICULAR
2026-05-23,2.0,Con heridos,Choque,,,108.0,C02,TRÁNSITO,AUTOMOVIL,PARTICULAR
2026-05-24,1.0,Con heridos,Choque,,,30.0,C29,TRÁNSITO,AUTOMOVIL,PARTICULAR
2026-05-25,5.0,Con heridos,Choque,,,184.0,C02,TRÁNSITO,AUTOMOVIL,PARTICULAR
2026-05-26,4.0,Con heridos,Choque,,,148.0,C02,TRÁNSITO,AUTOMOVIL,PARTICULAR
2026-05-27,3.0,Con heridos,Choque,,,147.0,C02,TRÁNSITO,AUTOMOVIL,PARTICULAR
2026-05-28,4.0,Con heridos,Choque,,,166.0,C02,TRÁNSITO,AUTOMOVIL,PARTICULAR
2026-05-29,3.0,Con heridos,Choque,,,116.0,C02,TRÁNSITO,AUTOMOVIL,PARTICULAR
2026-05-30,3.0,Con heridos,Choque,,,109.0,C02,TRÁNSITO,AUTOMOVIL,PARTICULAR
2026-05-31,3.0,Con heridos,Choque,,,54.0,C29,TRÁNSITO,AUTOMOVIL,PARTICULAR
2026-06-01,4.0,Con heridos,Choque,,,120.0,C02,TRÁNSITO,AUTOMOVIL,PARTICULAR
2026-06-03,5.0,Con heridos,Choque,,,42.0,C29,TRÁNSITO,AUTOMOVIL,PARTICULAR
2026-06-04,2.0,Con heridos,Choque,,,123.0,C02,TRÁNSITO,AUTOMOVIL,PARTICULAR
2026-06-05,5.0,Con heridos,Choque,,,191.0,C02,TRÁNSITO,AUTOMOVIL,PARTICULAR
2026-06-07,3.0,Con heridos,Choque,,,63.0,C29,TRÁNSITO,AUTOMOVIL,PARTICULAR
2026-06-08,2.0,Con heridos,Atropello,,,67.0,C29,TRÁNSITO,AUTOMOVIL,PARTICULAR
2026-06-10,2.0,Con heridos,Choque,,,148.0,C02,TRÁNSITO,AUTOMOVIL,PARTICULAR
2026-06-11,3.0,Con heridos,Choque,,,159.0,C02,TRÁNSITO,AUTOMOVIL,PARTICULAR
2026-06-12,2.0,Con heridos,Choque,,,182.0,C02,TRÁNSITO,AUTOMOVIL,PARTICULAR
2026-06-13,1.0,Con heridos,Choque,,,165.0,C02,TRÁNSITO,AUTOMOVIL,PARTICULAR
2026-06-14,1.0,Con muertos,Choque,,,76.0,C29,TRÁNSITO,AUTOMOVIL,PARTICULAR
2026-06-15,3.0,Con heridos,Choque,,,75.0,C29,TRÁNSITO,AUTOMOVIL,PARTICULAR
2026-06-16,2.0,Con heridos,Atropello,,,166.0,C02,TRÁNSITO,AUTOMOVIL,PARTICULAR